ID	원문	번역	비고
509:0000	{13}スネークバード{n}とそうだんする	{13}스네이크버드와{n}상담한다	
509:0001	{13}アイテムをつかう	{13}아이템을{n}사용한다	
509:0002	{13}アイテムを{n}もっていません	{13}아이템이{n}없습니다	
509:0003	{13}HPを50{n}かいふくします{n}20ポイント{n}しょうひします	{13}HP를 50{n}회복합니다{n}20포인트를{n}소비합니다	
509:0004	{13}ジャクに{n}ヒントを ききます	{13}잭에게{n}힌트를{n}묻습니다	
509:0005	{13}さいだいHPを{n}10ふやします{n}{9:0}ポイント{n}しょうひします	{13}최대 HP를{n}10 늘립니다{n}{9:0}포인트를{n}소비합니다	
509:0006	{13}オプションを{n}せっていします	{13}옵션을{n}설정합니다	
509:0007	{13}HPを50{n}かいふくします{n}20ポイント{n}必要です	{13}HP를 50{n}회복합니다{n}20포인트가{n}필요합니다	
509:0008	{13}さいだいHPを{n}10ふやします{n}{9:0}ポイント{n}必要です	{13}최대 HP를{n}10 늘립니다{n}{9:0}포인트가{n}필요합니다	
509:0009	{13}さいだいHPは{n}これいじょうは{n}ふえません	{13}최대 HP는{n}더 이상은{n}늘어나지{n}않습니다	
509:0010	{13}HPを50{n}かいふくします{n}いまは 必要{n}ありません	{13}HP를 50{n}회복합니다{n}지금은 필요{n}없습니다	
509:0011	{13}フェイクアイテム	{13}페이크 아이템	
509:0012	シガレッツ{9:2}コと	담배 {9:2}개와	
509:0013	ボトル{9:3}コと	보틀 {9:3}개와	
509:0014	{n}ボトル{9:3}コと シガレッツ{9:2}コで	{n}보틀 {9:3}개와 담배 {9:2}개로	
509:0015	マガジン{9:4}コと	매거진 {9:4}개와	
509:0016	{n}マガジン{9:4}コと シガレッツ{9:2}コで	{n}매거진 {9:4}개와 담배 {9:2}개로	
509:0017	{n}マガジン{9:4}コと ボトル{9:3}コで	{n}매거진 {9:4}개와 보틀 {9:3}개로	
509:0018	マガジン{9:4}コと{n}ボトル{9:3}コと シガレッツ{9:2}コで	매거진 {9:4}개와{n}보틀 {9:3}개와 담배 {9:2}개로	
509:0019	{13}  リュー・ヤー{n}いっぴきおおかみ{n}のバウンティハン{n}ター。 バランスの{n}とれたのうりょくで{n}じゃくてんがない{n}といわれる。	{13}  류・야{n}외톨이 늑대인{n}바운티 헌터.{n}균형 잡힌{n}능력으로{n}약점이 없다고{n}일컬어진다.	
509:0020	{13} Fビラン	{13} F비란	
509:0021	{13} こども	{13} 아이	
509:0022	{13}  ダンク	{13}  덩크	
509:0023	{13}  バイオス{n}ってだれ？	{13}  바이오스{n}가 누구야?	
509:0024	{13}  ダクター{n}ってだれ？	{13}  닥터{n}가 누구야?	
509:0025	{13}  フライデー{n}ってだれ？	{13}  프라이데이{n}가 누구야?	
509:0026	話者不明	화자 불명	
509:0027	{12}バックアップがいっぱいなので{n}セーヴはしません	{12}백업이 가득 찼으므로{n}세이브는 하지 않습니다	
509:0028	{3:0}を手に入れた	{3:0}을(를) 손에 넣었다	
509:0029	{3:0}を使った。	{3:0}을(를) 사용했다。	
509:0030	{3:0}を使った。{n}しかし 何もおこらなかった。	{3:0}을(를) 사용했다。{n}하지만 아무 일도 일어나지 않았다。	
509:0031	{3:0}をたべた。	{3:0}을(를) 먹었다。	
509:0032	{3:0}は{n}今は使えない。	{3:0}은(는){n}지금은 사용할 수 없다。	
509:0033	キャプチャーした者の能力を使うか？	캡처한 자의 능력을 사용할까?	
509:0034	・・・だいじょうぶか？{n}オレが助けてやったんだから{n}バウンティハンターの きまりにしたがい{n}20ポイントいただくぜ	…괜찮아?{n}내가 구해줬으니까{n}바운티 헌터의 규칙에 따라{n}20포인트 받겠다	
509:0035	のこり{9:1}ポイントだ。{n}がんばってくれよ	남은 건 {9:1}포인트다.{n}힘내줘	
509:0036	のこり{9:1}ポイントだ。{n}もう助けてやれないぞ。 つぎに{n}しっぱいしたら カイザーのところから{n}やりなおしだ。 たのむぜ もう	남은 건 {9:1}포인트다.{n}이제 더는 못 구해줘. 다음에{n}실패하면 카이저 쪽에서{n}다시 시작이야. 제발 부탁한다 정말로	
509:0037	{3:0}なら {16}{n}交換するけど あんた いっぱい持ってんじゃない{n}たりなくなったら またおいでよ	{3:0}라면 {16}{n}교환해 줄 건데 당신 많이 가지고 있잖아{n}부족해지면 또 오라고	
509:0038	{3:0}なら {16}{n}交換するけど 持ってないみたいだね・・・{n}ま フトコロがあったまったら またおいで	{3:0}라면 {16}{n}교환해 줄 건데 안 가지고 있는 것 같네…{n}뭐 주머니 사정 좋아지면 또 와	
509:0039	{3:0}なら {16}{n}交換するよ いかが？	{3:0}라면 {16}{n}교환해 줄게 어때?	
509:0040	{3:0}なら {16}{n}交換するけど 持ってないみたいだね・・・	{3:0}라면 {16}{n}교환해 줄 건데 안 가지고 있는 것 같네…	
509:0041	じゃあ {16}{n}交換するよ いかが？	그럼 {16}{n}교환해 줄게 어때?	
509:0042	はいこれ まいどあり！	자 여기 또 오세요!	
509:0043	{3:0}を 手に入れた	{3:0}을(를) 손에 넣었다	
509:0044	もっと {3:0}が ほしいかい？	더 {3:0}을(를) 원하나？	
509:0045	手に入れた武器は{n}ちゃんと装備するのよ いいね？	손에 넣은 무기는{n}제대로 장비하는 거야 알았지?	
509:0046	あら そう？{n}ま 気が変わったら またおいで ボーヤ	어머 그래?{n}뭐 마음이 바뀌면 또 와 꼬마야	
509:0047	オレはカイザー。{n}スネークバードのチームリーダーだ。{n}おまえらの しごとの報告を当局に送る	나는 카이저.{n}스네이크버드의 팀 리더다.{n}너희들 일의 보고를 당국에 보낸다	
509:0048	何がチームリーダーだ。{n}ようするに見はりだろ オレたちの	뭐가 팀 리더야.{n}결국 감시잖아 우리를	
509:0049	ほざけ {6:12}{n}お前ら 落ちこぼれどもの{n}行くすえを 見とどけてやるぜ	지껄여라 {6:12}{n}너희들 낙오자들의{n}앞날을 지켜봐 주마	
509:0050	当局は お前らには期待していない。{n}まあ せいぜい がんばるんだな	당국은 너희들에게{n}기대하지 않는다.{n}뭐 그래도 열심히 해봐라	
509:0051	当局に報告を送るか？	당국에 보고를 보낼까?	
509:0052	わかった 報告は送っておく{n}ドジをふむなよ	알았다 보고는 보내두지{n}실수하지 마라	
509:0053	報告しないか？{n}まめに報告しないと 後で なきを見るぜ{n}まあ オレは知ったこっちゃねえが・・・	보고 안 하는 거야?{n}꼬박꼬박 보고하지 않으면{n}나중에 울게 될 거다{n}뭐 난 알 바 아니지만…	
509:0054	記録はできませんが ゲームを続けます	기록은 할 수 없지만{n}게임을 계속합니다	
509:0055	ここまでのゲームを 記録しますか？	여기까지의 게임을{n}기록하시겠습니까?	
509:0056	記録せずに ゲームを続けます	기록하지 않고 게임을 계속합니다	
509:0057	きずを 手当てするかわりに{n}20ポイントさしひいていいんだな？	상처를 치료하는 대신{n}20포인트를 빼도 되는 거지?	
509:0058	けんこうは どんな宝より{n}まさるものだからな	건강은 어떤 보물보다{n}소중한 거니까	
509:0059	そうか？ まあ あまりムリはするなよ。{n}オレが こまるからな・・・	그런가? 뭐 너무 무리는 하지 마.{n}내가 곤란해지니까…	
509:0060	体を 強化するかわりに{n}{9:0}ポイントさしひいていいんだな？	몸을 강화하는 대신{n}{9:0}포인트를 빼도 되는 거지?	
509:0061	肉体強化のマジックは いつまでも{n}ききめが あるわけじゃないが まあ{n}この島を出るまでくらいは もつだろうさ・・・	육체 강화 마법은 언제까지나{n}효과가 있는 건 아니지만 뭐{n}이 섬을 나갈 때까지는 버티겠지…	
509:0062	そうか？{n}オレはどっちでも いいんだぜ	그런가?{n}나는 어느 쪽이든 상관없어	
509:0063	死んでいます。{n}一撃でやられたようです。	죽어 있습니다.{n}일격에 당한 것 같습니다.	
509:0064	このドアはロックされています。	이 문은 잠겨 있습니다.	
509:0065	私は{6:63}。 ヤミで{n}ポイントをうりさばく デンジャラスな女。{n}あなたの持ち物とひきかえに ポイントを{n}回復させてあげるわ	나는 {6:63}. 암시장에서{n}포인트를 파는 위험한 여자야.{n}당신의 소지품과 맞바꿔 포인트를{n}회복시켜 줄게	
509:0066	{3:0}を読んだ。{2}「流星とは、大気とのまさつで発光する{n}ほうき星のカケラである。 もえつきずに{n}地上に落ちた流星はイン石と呼ばれる。{2}「むかしむかし、ジェイラーズ島に{n}古代ラビアン文明がさかえていたころ、{n}この島に きみょうなイン石が落ちた{n}ことがあったという。{2}「その美しいエメラルド色のイン石には{n}ふしぎな性質があったといわれるが{n}くわしいことは 今に伝わっていない。{2}「イン石が落下してからほどなく{n}古代ラビアン文明は滅びてしまったから{n}である。	{3:0}을(를) 읽었다。{2}「유성이란, 대기와의 마찰로 빛나는{n}혜성의 파편이다。 다 타지 않고{n}지상에 떨어진 유성은 운석이라 불린다。{2}「아주 먼 옛날, 제이라즈 섬에{n}고대 라비안 문명이 번영하던 시절,{n}이 섬에 기묘한 운석이 떨어진{n}적이 있었다고 한다。{2}「그 아름다운 에메랄드빛 운석에는{n}신비한 성질이 있었다고 전해지지만{n}자세한 내용은 지금까지 전해지지 않는다。{2}「운석이 떨어진{n}지 얼마 되지 않아{n}고대 라비안 문명은 멸망해 버렸기{n}때문이다。	
509:0067	{3:0}を読んだ。{2}「古代ラビアンの人びとは、神の心に{n}かなう生き方をしていたので、神は、{n}天から美しい宝石をおくった。 それは{n}信ずる心があつまってできた石だった。{2}「ラビアンの神官たちは その宝石から{n}もっとすばらしい物を作ろうとしたが、{n}彼らの心に、うたがいがひそんでいたので、{n}石は悪魔に変わってしまった。{2}「悪魔は今でも、かつていた天に{n}帰りたいと思っていて、空にほうき星が{n}かかる時、そのしっぽにつかまって天に{n}もどろうと、高い山にのぼるのだという。	{3:0}을(를) 읽었다.{2}「고대 라비안인은 신의 마음에{n}합당한 삶을 살았기 때문에, 신은{n}하늘에서 아름다운 보석을 내려보냈다. 그것은{n}믿는 마음이 모여서 만들어진 돌이었다.{2}「라비안의 신관들은 그 보석에서{n}더 훌륭한 것을 만들려 했지만,{n}그들의 마음속에 의심이 숨어 있었기에,{n}돌은 악마로 변해 버렸다.{2}「악마는 지금도 예전의 하늘로{n}돌아가고 싶어 해서, 하늘에 혜성이{n}나타날 때, 그 꼬리를 붙잡고 하늘로{n}돌아가려고 높은 산에 오른다고 한다.	
509:0068	{3:0}を読んだ。{2}「6月30日 はれ{n}今日は重大な発見があった。{n}やはりビラニウムには、DNA生物体を{n}変化させ強化する能力があるのだ。{2}「これをメタモルフォーゼと名づけよう。{n}ただし正確な実験を行わないと、思った{n}とおりの変身は起こせないようだ。{n}力があってもバカでは意味が無い。{2}「これで古代ラビアンの秘法にまた一歩{n}近づいた。 やはり古代ラビアン人は{n}ビラニウムから武器を作ろうとして{n}いたのだ。 最強の武器を・・・{2}「古代人はメタモルフォーゼした生物を{n}コントロールできなかったようだが、{n}私にならできる。 私は天才だからだ。	{3:0}을(를) 읽었다.{2}「6월 30일 맑음{n}오늘은 중대한 발견이 있었다.{n}역시 비라니움에는 DNA 생물체를{n}변화시키고 강화하는 능력이 있다.{2}「이것을 메타모르포제라 하자.{n}다만 정확히 실험하지 않으면 생각대로{n}변신을 일으킬 수 없는 듯하다.{n}힘이 있어도 바보라면 의미가 없다.{2}「이것으로 고대 라비안의 비법에{n}또 한 걸음 가까워졌다.{n}역시 고대 라비안인은 비라니움으로{n}최강의 무기를 만들려 했던 것이다…{2}「고대인은 메타모르포제한 생물을{n}통제할 수 없었던 모양이지만,{n}나라면 할 수 있다. 나는 천재이니까.	
509:0069	{3:0}を読んだ。{2}「私は、地下鉱山で、古代ラビアン人が{n}残した古文書を発見した。{2}「昔話が本当なら、古代ラビアン人は、{n}やさしく気高いりっぱな人びとだった{n}はずだが、古文書を解読して、{n}そのイメージはくずれた。{2}「ビラニウムには、細胞を変化させる{n}だけでなく、キズついた細胞をいやす{n}ふしぎな能力があったという。 むしろ、{n}その応用を研究すべきだっただろう。{2}「しかし、古代ラビアン人は、{n}ビラニウムの、生物体を強化する能力{n}のみに注目し、人体を強化・改造して、{n}恐るべき武器を作り出したのだ。{2}「恐怖で人をおびやかし、自国を守ろう{n}としたのだ。 かつてのラビアン国は{n}神の国とも言われていたそうが、その{n}住人は、ふつうの人間だったのだろう。	{3:0}을(를) 읽었다。{2}「나는 지하 광산에서{n}고대 라비안인이{n}남긴 고문서를 발견했다。{2}「옛이야기가 사실이라면,{n}고대 라비안인은 상냥하고 고결한{n}훌륭한 사람들이었을 텐데, 고문서를{n}해독하고 나니 그 이미지가 무너졌다。{2}「비라니움에는 세포를 변화시킬{n}뿐만 아니라, 상처 입은 세포를 치유하는{n}신비한 능력이 있었다고 한다。 오히려{n}그 응용을 연구했어야 했을 것이다。{2}「하지만 고대 라비안인은{n}비라니움의, 생물체를 강화하는 능력{n}에만 주목하여 인체를 강화·개조해서,{n}두려운 무기를 만들어낸 것이다。{2}「공포로 사람을 위협해{n}자국을 지키려 했던 것이다。 한때{n}라비안 왕국은 신의 나라라 불렸지만,{n}그 주민들은 평범한 인간이었으리라。	
509:0070	{3:0}を読んだ。{2}「古文書の解読がすすみ、{n}新たな事実が明らかになった。{n}古代ラビアン人が、ビラニウムから{n}作り出した武器の正体だ。{2}「古文書に記されたその名は、今のことばに{n}すれば、「オープンエンド可変性能特殊任務{n}ライフサイクル」であった。{2}「ラビアン文字で、その頭文字をとれば{n}それは「ビラーノ」と発音されただろう。{n}おとぎ話の{6:3}は、きっとこのビラーノ{n}の恐怖がもとになったにちがいない。{2}「人体にビラニウムが作用して誕生した{n}ビラーノは、他の生物を吸収して、その{n}外見や能力を自分のものにし、無限に{n}進化を続けるという。	{3:0}을(를) 읽었다。{2}「고문서 해독이 진전되어,{n}새로운 사실이 밝혀졌다。{n}고대 라비안인이 비라니움으로{n}만들어낸 무기의 정체다。{2}「고문서에 적힌 그{n}이름은, 지금 말로{n}하면 「오픈엔드 가변성능 특수임무{n}라이프사이클」이었다。{2}「라비안 문자로 머리글자를 따면{n}그것은 「비라노」라고 발음되었을 것이다。{n}옛이야기 속 {6:3}은 분명 이 비라노{n}의 공포가 바탕이 되었음이 틀림없다。{2}「인체에 비라니움이 작용해 탄생한{n}비라노는 다른 생물을 흡수하여 그{n}외견과 능력을 자신의 것으로 삼으며 끝없이{n}진화를 계속한다고 한다。	
509:0071	「それは一体だけ作られたが、{n}コントロールをはなれ、見さかい無しに{n}殺りくを始めたため、なんらかの方法で、{n}撃破された。{2}「しかし、ビラーノはかんぜんに亡んだ{n}わけではなく、どこか人の手のとどかない{n}場所で休眠状態に入ったらしい。{2}「古文書によれば、ビラーノの{n}生活周期は、ほうき星の周期と同じであり、{n}{6:3}が再び活動するのは、ほうき星が{n}空にかかる時であろうと予言されている。{2}「今しも、「悪魔の星」と呼ばれる{n}ほうき星が、接近しつつある・・・{n}いやな予感がする・・・	「그것은 단 하나만 만들어졌으나,{n}통제를 벗어나 무차별적으로{n}살육을 시작했기에, 어떤 방법으로{n}격파되었다.{2}「하지만 비라노는 완전히 멸망한{n}것이 아니라, 어딘가 사람의 손이 닿지 않는{n}곳에서 휴면 상태에 들어간 것 같다.{2}「고문서에 따르면 비라노의{n}생활 주기는 혜성의 주기와 같으며,{n}{6:3}이 다시 활동하는 것은 혜성이{n}하늘에 걸릴 때일 것이라 예언되어 있다.{2}「바로 지금, 「악마의{n}별」이라 불리는{n}혜성이 접근하고 있다…{n}불길한 예감이 든다…	
509:0072	{3:0}を見た。{n}読めない文字やふしぎな記号が{n}見たことのない色のインクで書かれている。	{3:0}을(를) 보았다.{n}읽을 수 없는 문자와 신비한 기호가{n}본 적 없는 색의 잉크로 쓰여 있다.	
509:0073	どこからともなく男の声がする・・・{n}「{20:35}その1 あ 悪魔ビラーノを例す方法・・・ごほっ{n}うぐぐ・・・ビラーノの弱点は せなか・・・{n}後にまわって・・・せなかを ねらえ・・・う ぐ・・・{2}「{20:35}た たのむ・・・ {6:5}を・・・	어디선가 남자의 목소리가 들린다…{n}「{20:35}그 1 악마 비라노를 물리칠 방법…콜록{n}으윽…비라노의 약점은 등…{n}뒤로 돌아가서…등을 노려라…으, 으…{2}「{20:35}부, 부탁한다… {6:5}를…	
509:0074	文字はぜんぜん読めないが{n}どうやら{6:3}を後から見た総が{n}えがいてあるようだ。	글자는 전혀 읽을 수 없지만{n}아무래도 {6:3}을 뒤에서 본 그림이{n}그려져 있는 것 같다.	
509:0075	{3:0}を手にした。{n}ふつうのバラとは ちょっとちがった{n}ふしぎな香りがする。{2}記憶のかけら・・・{n}まぼろしのような女の顔。{n}エメラルド色にかがやくガラスのシリンダー。{2}巨石にきざまれた総。 死と恐怖のイメージ。{n}どこからかひびく少女の声。{2}「・・・かくしてウーダは悪魔を亡ぼした。{n}そして全ての知職を記したウーダノートを{n}後の世に残した。 いつの日か悪魔が再来する{n}その時にそなえて・・・{2}・・・夢のかけら。{n}少し ぼうっとしていたようだ。	{3:0}을(를) 손에 들었다.{n}평범한 장미와는 조금 다른{n}신비한 향기가 난다.{2}기억의 조각…{n}환영 같은 여자의 얼굴.{n}에메랄드빛으로 빛나는 유리 실린더.{2}거석에 새겨진 그림.{n}죽음과 공포의 이미지.{n}어디선가 울려 퍼지는 소녀의 목소리.{2}「…그리하여 우다는 악마를{n}멸망시키고 모든 지식을 기록한 우다노트를{n}후세에 남겼다. 언젠가 악마가 다시{n}나타날 그때에 대비하여…{2}…꿈의 조각.{n}잠시 멍해 있었던 것 같다.	
509:0076	{3:0}を手にした。{n}指がしびれるような不快な感じがする。{n}しまっておいた方がよさそうだ。	{3:0}을(를) 손에 들었다.{n}손가락이 저릴 만큼 불쾌한 느낌이 든다.{n}넣어 두는 편이 좋을 것 같다.	
509:0077	{3:0}を見た。{n}本物のような青いバラの総がえがかれている。{n}バラの総の下には きみょうな文字で{n}何やら ことばが書かれている。	{3:0}을(를) 보았다.{n}진짜 같은 파란 장미 그림이 그려져 있다.{n}장미 그림 아래에는 기묘한 문자로{n}무언가 글이 쓰여 있다.	
509:0078	「エソテクニカル・タービンエンジン用{n}高性能ねんりょう 液体オルトヒドラジン{n}危険！ 強ふしょく性！	「에소테크니컬 터빈 엔진용{n}고성능 연료 액체 오르토히드라진{n}위험! 강부식성!	
509:0079	ゲーム機があります。{n}あそびますか？	게임기가 있습니다.{n}하시겠습니까?	
509:0080	ゲーム機があります。{n}電気が切れているようです。	게임기가 있습니다.{n}전원이 꺼져 있는 것 같습니다.	
509:0081	・・・アツいぜ	…뜨겁구만	
509:0082	親指がいたいぜ	엄지손가락이 아프구만	
509:0083	・・・しまった{n}われを忘れちまったぜ	…아차{n}나도 모르게 정신없이 했구만	
509:0084	やりすぎて 水ぶくれができちまった{n}・・・バンソコ持ってないか？	너무 많이 해서{n}물집이 생겨 버렸군{n}…반창고 없나?	
509:0085	マズいな・・・{n}これじゃ仕事にならねーや	큰일이군…{n}이래서야 일을 못 하겠는걸	
509:0086	・・・早く・・・早く・・・船長室へ行け・・・{n}SOSを 発信するんだ・・・{n}上だ・・・どんどん上に・・・むかえ！・・・{2}{7}この オンボロぶねは 修理に{n}修理をかさねて 中は めいろのようだ・・・{n}まよいそうになったら Lボタンと{n}方向キーをおして あたりを見わたせ・・・{2}{7}死にたくない・・・	…빨리…빨리…선장실로 가라…{n}SOS를 발신하는 거다…{n}위다…계속 위로…서둘러!…{2}{7}이 낡아 빠진 배는 수리에{n}수리를 거듭해서 안은 미로 같다…{n}길을 잃을 것 같으면 L버튼과{n}방향키를 눌러 주위를 둘러보라…{2}{7}죽고 싶지 않아…	
509:0087	ビ・・{6:3}は・・・{n}船長室に・・・行くはずだ・・・{n}う・う・・ビラニウムが・・・{n}ぐっ・・・	비…{6:3}은…{n}선장실로…갈 것이다…{n}으・으…비라니움이…{n}끄응…	
509:0088	{6:3}に ビラニウムを くわせると{n}・・・まずい・・・強大化・・・する・・・{n}うっ・・・	{6:3}에게 비라니움을 먹이면{n}…위험하다…강대화…한다…{n}으윽…	
509:0089	{6:2}・・・オレは・・・{n}こんなとこで死にたく・・・なかったよ・・・{n}・・・また・・・いっしょに・・・お前と・・・{n}あそびたいよ・・・	{6:2}…나는…{n}이런 데서 죽고 싶지…않았어…{n}…또…함께…너랑…{n}놀고 싶어…	
509:0090	   グリ通信{n}まど ひびわれ危険 近づくな	   그리 통신{n}창문 균열 위험 접근 금지	
509:0091	ひいい・・・・{n}オレは見ちまった・・・{n}仲間が・・・頭から{6:3}にくわれちまった・・・{n}ひいいー のりうつられてた・・・ ひいいー	히이익…{n}나는 보고 말았어…{n}동료가…머리부터 {6:3}에게 먹혀버렸어…{n}히이이익 뭔가 씌어 있었어… 히이이익	
509:0092	う、う・・・ 甲板のうしろにある そうこに{n}・・・ぐっ・・・船長のカギが・・・{n}あ・・・る・・・と・・・ぐええ・・・	으, 으… 갑판 뒤에 있는 창고에{n}…끄응…선장의 열쇠가…{n}있…다…고…꾸엑…	
509:0093	動いているネットプレートを{n}わたって行くと 船長室へ行く{n}近道だけど しっぱいすると{n}下まで落ちてしまう{2}{7}いくらお前でも危険だ{n}遠回りでも そうこのまどから{n}船外へ出たほうがいい	움직이는 네트플레이트를{n}건너가면 선장실로 가는{n}지름길이지만, 실패하면{n}아래로 떨어져 버린다{2}{7}아무리 너라도 위험하다{n}돌아가더라도 창고 창문으로{n}배 밖으로 나가는 편이 낫다	
509:0094	「ビジネスクラス	「비즈니스 클래스	
509:0095	「危険物そうこ{n}液体オルトヒドラジン{n}危険！ 強ふしょく性！	「위험물 창고{n}액체 오르토히드라진{n}위험! 강부식성!	
509:0096	「特設移動監獄{n}   グリ通信{n}無関係の者は入るべからず	「특설 이동 감옥{n}   그리 통신{n}관계자 외 출입 금지	
509:0097	「れいぞうこ	「냉동 창고	
509:0098	「ファーストクラス	「퍼스트 클래스	
509:0099	「レジャー室	「레저실	
509:0100	「そうこ	「창고	
509:0101	「エコノミークラス	「이코노미 클래스	
509:0102	「コンテナそうこ{n}   グリ通信{n}クレーンであそぶな	「컨테이너 창고{n}   그리 통신{n}크레인으로 장난치지 마시오	
509:0103	よう 仲間殺しの{6:2}・ヤーじゃねえか{n}オリの中で気持ちよくねてたのに 目がさめたら{n}このありさまだ。 どういうわけだ？	어이, 동료 살해자 {6:2}・야 아니냐{n}우리 안에서 기분 좋게 자고 있었는데{n}눈을 떠 보니 이 꼴이구만. 어떻게 된 거지?	
509:0104	ここを{6:3}が通らなかったか？	여길 {6:3}이 지나가지 않았나?	
509:0105	ねてたからわからねえ。{n}するとこいつは あのカーボン刑モンスターの{n}しわざか！ なかなかやるじゃねえか。{n}ざまあみろ	자고 있어서 몰라.{n}그럼 이건 그 카본형 몬스터의{n}짓인가! 제법이군.{n}꼴좋다	
509:0106	・・・悪いが お前をオリから{n}出すことはできない。 カギがないんだ。{n}オレたちは これから船長室に行って{n}何ができるかやってみる	…미안하지만 널 우리에서{n}꺼내 줄 수는 없어. 열쇠가 없거든.{n}우리는 지금부터 선장실로 가서{n}뭘 할 수 있는지 해 볼 거야	
509:0107	どうせ助かったとしても オレは{n}一生 監獄島でオリの中じゃねえか。{n}オレはむしろ この船にしずんでもらいたいね。{n}そしたら お前らもみんな地獄に道連れだ{2}{7}{6:2}、あきらめろ。 オレにはわかる。{n}お前には不運の星がついている。 お前に関った{n}者は みな死ぬか もっとひでえ目にあう。{n}そして お前自身も・・・ククク	어차피 살아남는다 해도 나는{n}평생 감옥섬에서 우리 안 신세잖아.{n}오히려 이 배랑 같이 가라앉았으면 좋겠구만.{n}그럼 너희도 다 같이 지옥길 동무다{2}{7}{6:2}, 포기해. 나는 안다고.{n}넌 불운의 별을 타고났어. 너랑 얽힌{n}사람은 다 죽거나 더 끔찍한 꼴을 당해.{n}그리고 너 자신도…쿠쿠쿠	
509:0108	{6:2}・ヤーよ。{n}オレを捕らえたはいいが 忘れるなよ。{n}この航海は かた道キップだ。 お前は二度と{n}シャバにはもどれねえ。 おぼえときな	{6:2}・야여.{n}날 잡은 건 좋지만 잊지 마라.{n}이 항해는 편도 티켓이야. 넌 두 번 다시{n}바깥세상으로 못 돌아가. 명심해 둬	
509:0109	うぐおわっ！	으극왓!	
509:0110	どうした！？{n}あせが びっしょりだぞ	왜 그래！？{n}땀이 흥건하잖아	PoC
509:0111	スゲエ夢を見ちまったぜ・・・	엄청난 꿈을 꿨구만…	
509:0112	すごい夢ならオレも見た	대단한 꿈이라면 나도 꿨어	
509:0113	どんな夢だ？	무슨 꿈인데?	
509:0114	よく おぼえていないが・・・{n}{6:3}が この船から脱走しようとする夢だ。{n}他にも いろいろあったような・・・{n}それに いいケツの女が出て来た	잘 기억은 안 나지만…{n}{6:3}이 이 배에서 탈출하려는 꿈이야.{n}그 밖에도 이것저것 있었던 것 같고…{n}그리고 엉덩이 끝내주는 여자도 나왔어	
509:0115	何！？・・・オレと同じ夢だ	뭐!? …나랑 같은 꿈이잖아	
509:0116	・・・・！？{n}{6:2} お前 そのアイテムで持ってる{n}バラは何だ？	…!? {n}{6:2} 너, 그 아이템으로 가진{n}장미는 뭐냐?	
509:0117	・・・ブルーローズだ・・・{n}いったいこいつは・・・！？	…블루 로즈다…{n}대체 이건…!?	
509:0118	{6:2}・・・どうやら{n}われわれが見た夢は正夢らしい・・・{2}{7}大変なことになった・・・{n}{6:3}が艦を破って逃げたらしい。{n}船内はパ{6:11}になってる	{6:2}…아무래도{n}우리가 꾼 꿈이 예지몽이었던 모양이다…{2}{7}큰일이다…{n}{6:3}이 함을 부수고 도망친 모양이다.{n}선내는 아수라장이 되었다	
509:0119	{6:2}！ 船員はほとんど全滅だ！	{6:2}! 선원은 거의 전멸이다!	
509:0120	！？ こんな短時間でか！？	!? 이렇게 짧은 시간에!?	
509:0121	ウソだと思うなら見てみろ！	거짓말이라고 생각하면 직접 봐!	
509:0122	{6:2}！ 二手に別れて{n}{6:17}をさがそう！ 助けるんだ！	{6:2}! 둘로 나뉘어서{n}{6:17}을 찾자! 구해야 해!	
509:0123	もう・・・遅い{n}行かない方がいいぞ	이미…늦었어{n}안 가는 게 나아	
509:0124	うるさい！ オレは行く！{n}{6:17}を助ける！	시끄러워! 난 간다!{n}{6:17}을 구한다!	
509:0125	どうする？{n}{6:2}、ここにじっとしていれば{n}助かる可能性は少しだけある{2}{7}ここから一歩でも外に出たら{n}お前は いやがおうにも{n}{6:3}と戦うハメになる	어떻게 할까?{n}{6:2}, 여기 가만히 있으면{n}살아남을 가능성이 조금은 있다{2}{7}여기서 한 걸음이라도{n}밖으로 나가면{n}너는 싫든 좋든{n}{6:3}과 싸우게 될 것이다	
509:0126	じっと息をひそめていれば{n}お前だけは 助かるかもしれないぞ	가만히 숨죽이고 있으면{n}너만은 살아남을지도 모른다	
509:0127	{6:2}！ 来るな！{n}来たら殺される！ ・・・ウワーッ！{n}ゲェッ！・・・	{6:2}! 오지 마!{n}오면 죽는다! …으아아악!{n}끄에엑!…	
509:0128	ここから船の側面をつたって行けば{n}船長室に早くつけそうだな・・・{n}だが海に落ちたら サメがウヨウヨだ{n}まず助からない{2}{7}{6:3}に殺られるか・・・{n}サメに食われるか・・・{n}どっちもいやだな・・・{2}{7}{6:2}、ひきかえして船内を行くか・・・{n}このまま死をかくごで側面を行くか・・・{n}どちらもゴールは同じだ。{n}運命の わかれ道になるかもな・・・	여기서 배 측면을 타고 가면{n}선장실에 빨리 도착할 수 있을 것 같군…{n}하지만 바다에 떨어지면 상어가 우글우글하다{n}먼저 살아남기 힘들다{2}{7}{6:3}에게 당하거나…{n}상어에게 먹히거나…{n}둘 다 싫은데…{2}{7}{6:2}, 돌아가서 선내로 갈 것인가…{n}이대로 죽음을 각오하고 측면으로 갈 것인가…{n}어느 쪽이든 목적지는 같다.{n}운명의 갈림길이 될지도 몰라…	
509:0129	うぐわぁー、げげえ、う、う、{n}助げでくれー、ぐわあああ	으그와아ー, 꾸에엑, 으, 으,{n}도와주세ー, 으와아아아	
509:0130	だ、誰かー！ ビ、{6:3}が{n}{6:3}が来たー！{n}ひいいー 助けてー！	누, 누구 없어ー! 비, {6:3}이{n}{6:3}이 왔다ー!{n}히이이ー 살려줘ー!	
509:0131	{6:3}が脱走した！{n}すぐにSOSを発信しろ！	{6:3}이 탈주했다!{n}즉시 SOS를 발신해라!	
509:0132	ええっ！？ そりゃやばいぞ{n}ドアをしめろ！ ドアを！	엣!? 그거 위험한데{n}문을 잠가라! 문을!	
509:0133	こ・・・こわい・・・{n}う・・・動けない・・・	무, 무서워…{n}으… 움직일 수 없어…	
509:0134	何！？ よし オレが通信する	뭐!? 좋아, 내가 통신한다	
509:0135	こちら特別{6:19}移送船{n}シーバンディッツ号。 カーボン刑生物の{n}{6:3}が船内で逃走。 兼組員多数死亡。{2}{7}くりかえす。 こちら特別{6:19}移送船{n}シーバンディッツ号・・・	여기는 특별 {6:19} 이송선{n}시배디츠호. 카본형 생물{n}{6:3}이 선내에서 도주. 승무원 다수 사망.{2}{7}반복한다. 여기는 특별 {6:19} 이송선{n}시배디츠호…	
509:0136	しっ！ みんな動かないで！{n}だまってろ！	쉿! 다들 움직이지 마!{n}조용히 해!	
509:0137	やばい！ ヤツは船からとびおりた！	위험해! 녀석이 배에서 뛰어내렸어!	
509:0138	こちらシーバンディッツ号。{n}{6:3}が船から脱走した。{n}非常警戒警報を出してくれ。{2}{7}くりかえす。{n}こちらシーバンディッツ号。{n}{6:3}が船から脱走した。{n}非常警戒警報を出してくれ！	여기는 시배디츠호.{n}{6:3}이 배에서 탈주했다.{n}비상경계경보를 발령해 줘.{2}{7}반복한다.{n}여기는 시배디츠호.{n}{6:3}이 배에서 탈주했다.{n}비상경계경보를 발령해 줘!	
509:0139	船のいちばん前の方で音が聞こえた。{n}行ってみよう	배의 맨 앞쪽에서 소리가 들렸다.{n}가 보자	
509:0140	{6:3}のヤロー・・・{19:10}{n}オレは とことんヤツを追うぞ・・・{19:10}{n}たとえ何年かかってもな・・・{19:20}	{6:3} 이 자식…{19:10}{n}나는 끝까지 녀석을 쫓는다…{19:10}{n}설령 몇 년이 걸리더라도…{19:20}	
509:0141	こちらシーバンディッツ号。{n}{6:3}が船から脱走した。{n}非常警戒警報を出してくれ！{2}{7}くりかえす。{n}こちらシーバンディッツ号。{n}{6:3}が船から脱走した。{n}非常警戒警報を出してくれ！	여기는 시배디츠호.{n}{6:3}이 배에서 탈주했다.{n}비상경계경보를 발령해 줘!{2}{7}반복한다.{n}여기는 시배디츠호.{n}{6:3}이 배에서 탈주했다.{n}비상경계경보를 발령해 줘!	
509:0142	もう一度 再生しろ	다시 한번 재생해라	
509:0143	はい	네	
509:0144	この{6:3}とか言う{6:19}・・・{n}移送船の艦を一人で破って逃げたってのが{n}本当なら 相当なヤツだ。{n}役に立ちそうだな	이 {6:3}이라고 하는 {6:19}…{n}이송선의 함을 혼자서 부수고 도망쳤다는 게{n}사실이라면 상당한 놈이군.{n}쓸모 있을 것 같은데	
509:0145	未確認情報ですが {6:3}とやらは{n}ビラニウムにひきよせられる性質が{n}あるようです	미확인 정보입니다만{n}{6:3}이라는 녀석은{n}빌라늄에 이끌리는 성질이{n}있는 듯합니다	
509:0146	ビラニウムか・・・ {6:20}！{n}町へ行くのは中止だ。 ビラニウムを{n}オレにかせ！ オレが{6:3}と話をつける	빌라늄이라… {6:20}!{n}마을에 가는 건 중지다. 빌라늄을{n}나한테 빌려줘! 내가 {6:3}과 담판 짓는다	
509:0147	{6:3}は この島に来ますか？	{6:3}은 이 섬에 옵니까?	
509:0148	たぶんな・・・{n}このビラニウムが大量にあるのを{n}ヤツが知ってればの話だがな・・・{2}{7}よし・・・ 行って来るぞ	아마도…{n}이 빌라늄이 대량으로 있다는 걸{n}녀석이 알고 있다면 말이지만…{2}{7}좋아… 다녀오겠다	
509:0149	ピーピーピー・・・{n}シルビア応答せよ	삐삐삐…{n}실비아, 응답하라	
509:0150	こちらシルビア・{6:5}。{n}本部応答せよ	여기는 실비아·{6:5}.{n}본부 응답하라	
509:0151	アテンション{n}コード8446 コード8446 以上	주목{n}코드 8446 코드 8446 이상	
509:0152	コード8446・・・{n}作戦中止か・・・ 何があったの？	코드8446…{n}작전 중지인가…? 무슨 일이지?	
509:0153	おかしいわね{n}こんなに待たせるなんて・・・{n}人を呼びつけといてシツレーなヤツね{n}{6:20}は・・・	이상하네{n}이렇게 기다리게 하다니…{n}불러 놓고 실례되는 녀석이네{n}{6:20}는…	
509:0154	おーい！ {6:3}！{n}海の中にいたら聞いてくれ！ ここに{n}お前の大好物のビラニウムがあるぞ！！{2}{7}この島の奥の地下鉱山にはな、{n}これの何千倍ものビラニウムが眠ってる。{n}どうだ。 オレたちに協力してくれるなら{n}お前を仲間にしてやってもいいぞ！	어이ー! {6:3}!{n}바다 속에 있으면 들어라! 여기에{n}네가 좋아하는 비라니움이 있다고!!{2}{7}이 섬 깊은 지하 광산엔 말이지,{n}이 몇천 배나 되는 비라니움이 잠들어 있어.{n}어때. 우리한테 협력해 준다면{n}널 동료로 삼아 줘도 좋다고!	
509:0155	おお・・・ な なんだ{n}いつの間に後ろに・・・{2}{7}お お前が{6:3}か・・・{n}な なかなかいい体をしとるな・・・{n}JLOにはテスト無しで入れてや・・・	오오… 뭐, 뭐야{n}언제 뒤에…{2}{7}너, 너가 {6:3}인가…{n}꽤, 꽤 좋은 몸을 가졌구먼…{n}JLO에는 테스트 없이 넣어 주…	
509:0156	うぐわあ・・・{n}どぐうえああ！！	으극와아…{n}두귀와아아!!	
509:0157	自動航路そうちで 何とか{n}ジェイラーズ島には たどりつけたが・・・{n}何かイヤなふんいきだな・・・{n}それに 悪のニオイがプンプンするぜ	자동항로장치로 어찌어찌{n}제이라즈 섬까지는 도착했지만…{n}왠지 꺼림칙한 분위기인데…{n}게다가 악의 냄새가 풀풀 풍기는군	
509:0158	・・・とにかく、{6:4}{6:29}に会って{n}{6:3}が脱走して この島に上陸した可能性が{n}あることを伝えよう！	…어쨌든 {6:4} {6:29}님을 만나{n}{6:3}이 탈주해서 이 섬에 상륙했을 가능성이{n}있다는 걸 전하자!	
509:0159	君が{6:2}・ヤーか。{n}{6:4}{6:29}だ。	네가 {6:2}·야인가.{n}{6:4} {6:29}이다.	
509:0160	{6:3}が島に近づいた気配はあるか？	{6:3}이 섬에 접근한 기미가 있나?	
509:0161	今のところ それらしき報告はまだない。{n}もちろん非常警戒警報は出した	지금으로서는 그런{n}보고는 아직 없다.{n}물론 비상경계경보는 발령했지	
509:0162	ゆだんするな。 ヤツの恐ろしさは{n}なみの物じゃない。 殺人犯だろうが{n}すもうとりだろうが 一撃で殺される	방심하지 마. 그놈의 무서움은{n}보통이 아니다. 살인범이든{n}스모 선수든 일격에 죽는다	
509:0163	ほう・・・ すもうとりまでが{n}・・・そいつはスゴイやつだ・・・ しかし{n}そいつは本当に この島に向かったのかね？	호오… 스모 선수까지도{n}…그거 대단한 녀석이군… 근데{n}그놈이 정말로 이 섬으로 향한 건가?	
509:0164	わからねえが その可能性はある	모르겠지만, 그럴 가능성은 있다	
509:0165	しかし、それは変じゃないか。{n}だいいちヤツは この島でカーボン刑に{n}処せられるために運ばれていたんだろう？{2}{7}そいつが船から脱走したとなれば{n}ようするに この島に来たくないからと{n}考えるのがふつうだ。 それなのに{n}自分の意志で わざわざ来るかね？	근데 그거 이상하지 않나.{n}애초에 그놈은 이 섬에서 카본형에{n}처해지려고 호송되던 중이었잖아?{2}{7}그런 놈이 배에서 탈주했다면{n}결국 이 섬에 오고 싶지 않아서라고{n}생각하는 게 보통이잖아. 그런데{n}제 발로 일부러 올 리가 있나?	
509:0166	もちろん わざわざ自分から{n}カーボン刑になりに来るとは考えられない。{n}もしヤツが来るとすれば それは{n}ここに何か別の目的がある場合だ	물론 일부러 제 발로{n}카본형을 받으러 올 거라고는 생각 안 한다.{n}만약 그놈이 온다면 그건{n}여기에 뭔가 다른 목적이 있는 경우겠지	
509:0167	この悪魔の監獄島と呼ばれる{n}ジェイラーズ島に 他の目的で？{n}この島に何があるというんだ。{n}理解できんな・・・ まあいい。{2}{7}何か報告を受けたら{n}必ず知らせることにしよう。 それまで{n}となりのジェイシティで ホネ休めでも{n}していてくれ	이 악마의 감옥섬이라 불리는{n}제이라즈 섬에 다른 목적으로?{n}이 섬에 뭐가 있다고 그러나.{n}이해가 안 되는군… 뭐 됐다.{2}{7}뭔가 보고가 들어오면{n}반드시 알려 주지. 그때까지{n}옆의 제이시티에서 좀 쉬고{n}있어 줘	
509:0168	そうそう・・・ {6:2}・ヤーとやら{n}実はね 今日は わたしの誕生日でね{n}町中で おまつりさわぎをして{n}お祝いをしてくれているんだ{2}{7}まあ 楽しんでいってくれたまえ	그래그래… {6:2}・야라고 했던가{n}실은 말이야, 오늘은 내 생일이라서{n}온 마을이 축제 소동을 벌이며{n}축하해 주고 있다네{2}{7}뭐… 즐기다 가게나	
509:0169	コラコラ ここは おめえみたいな{n}バウンティハンターは たち・{19:1}いり・{19:1}きん・{19:1}し・{19:1}だ{n}一歩た・{19:1}り・{19:1}とも 通しゃしねえ{n}なんてったって ここは・・・ヒック{2}{7}ここから先は 犯罪者以外は{n}入らせねえ・・・ヒック・・・わかったか{n}このバウンティハンターのゲスヤローが・・・{n}ウィー・・・{2}{7}だけどよ にいちゃん 今日はー{n}特別だ。 何といっても {6:29}さまの{n}お誕生日だからな ヒック どうだ！	어이 어이, 여긴 네놈 같은{n}바운티 헌터는 출・{19:1}입・{19:1}금・{19:1}지・{19:1}다{n}한 발・{19:1}짝・{19:1}도 못 지나간・{19:1}다{n}뭐니 뭐니 해도 여긴…히끅{2}{7}여기서부터는 범죄자 외에는{n}못 들어가…히끅…알았냐{n}이 바운티 헌터 자식이…{n}위이…{2}{7}근데 말이야 형씨, 오늘은ー{n}특별이야. 뭐니 뭐니 해도 {6:29}님{n}생신이니까 말이지 히끅, 어때!	
509:0170	オレのボトルを のみほしたら・・・{n}ここから先を通してやるぜ！ へへ・・・	내 보틀을 다 마시면…{n}여기서부터 지나가게 해 주지! 헤헤…	
509:0171	ふざけたヤローだ！{n}おれのボトルを のめねえのか？	장난하는 거냐!{n}내 보틀도 못 마셔?	
509:0172	{6:2}は {6:19}のボトルを 一気に{n}のみほしました。	{6:2}는 {6:19}의 보틀을 단숨에{n}다 마셔 버렸습니다.	
509:0173	こらスゲエや こんな強いボトルを{n}一気にのむなんて・・・ヒック{n}おめえ・・・アルコールがまわって{n}ぶったおれるぜ！ ・・・まあ いいや{2}{7}やくそくだ 通してやろう{n}よっぱらって暴れまわるなよ！	오오 대단한데, 이렇게 독한 보틀을{n}단숨에 마시다니…히끅{n}너…알코올이 돌면{n}쓰러질 거야! …뭐 됐어{2}{7}약속이다 통과시켜 주마{n}취해서 난동 부리지 마!	
509:0174	よっぱらって暴れまわるなよ！	취해서 난동 부리지 마!	
509:0175	うおおー {6:38}許してくれ{n}くそーてめえー {6:3}！！{n}うおおーオレが悪かった うおおおー ヒック{n}オレが オレが殺したんだよおおお！！	우오오ー {6:38} 용서해다오{n}제길ー 네놈ー {6:3}!!{n}우오오ー 내가 잘못했어 우오오오ー 히끅{n}내가 내가 죽인 거라고오오오!!	
509:0176	{6:2}！？ どうしたんだ！{n}こら 落ちつけ！	{6:2}!? 왜 그래! {n}이봐, 진정해!	
509:0177	やい！ バウンティハンターのバカ！{n}どうして ぼくの おとうちゃんを{n}つかまえたりしたんだよー{n}ぼくが ぼくが さびしいじゃないか{2}{7}バカ バカ バカ{n}おまえなんか やっつけてやる{n}えーん えーん えーん	야! 바운티 헌터 바보!{n}왜 내 아빠를{n}잡아간 거야ー{n}내가, 내가 외롭잖아{2}{7}바보 바보 바보{n}너 같은 거 혼내 줄 거야{n}으앙 으앙 으앙	
509:0178	{6:3} てめえ！{n}せせら笑ってやがるな！ ヒック{n}チクショー ぶっ殺してやる！	{6:3} 이 자식!{n}비웃고 있구나! 히끅{n}젠장, 죽여 버리겠어!	
509:0179	や、やめろ！ {6:2} 目をさませ！{n}相手は面会に来た 罪もない{6:43}だぞ！{n}おい！ 目をさませ！ {6:2}ッ！	그, 그만둬! {6:2} 정신 차려!{n}상대는 면회 온 죄 없는 {6:43}라고!{n}이봐! 정신 차려! {6:2}!	
509:0180	な、なんなんだ 今のは・・・{n}と、とにかく {6:43}が無事でよかった・・・{n}・・・うん？ ・・・リュ、{6:2}！{2}{7}ど、どうしたんだ その顔のキズは？{18}	뭐, 뭐였지 방금 그건…{n}어, 어쨌든 {6:43}가 무사해서 다행이야…{n}…응? …류, {6:2}!{2}{7}어, 어떻게 된 거야{n}그 얼굴 상처는?{18}	
509:0181	確かに見たやつが いるんだよ{n}あれは女だ。 女がキルバレー地帯に{n}まぎれこんでる	확실히 본 녀석이 있다고{n}그건 여자다. 여자가 킬밸리 지대에{n}숨어들었어	
509:0182	うそだ！{n}あそこに オレの許可なく入れるやつは いねえ！{n}しかも女なんかが	거짓말이야!{n}거기에 내 허가 없이 들어갈 놈은 없어!{n}게다가 여자 따위가	
509:0183	どっかから忍びこんだんだろう。{n}どうすんだ？ あそこの見はりは{n}お前の責任だぞ{2}{7}{6:29}にばれたら お前はヘイの中に{n}ぎゃくもどりだな{n}せっかく この町に出られたのにな ヘヘヘ	어딘가로 몰래 숨어든 거겠지.{n}어쩔 거야? 거기 감시는{n}네 책임이잖아{2}{7}{6:29}한테 들키면 넌 담장 안으로{n}다시 처넣어지겠군{n}모처럼 이 마을로 나왔는데 말이야 헤헤헤	
509:0184	わっ きたねえ！{n}なにすんだよ！	와, 더러워!{n}뭐 하는 거야!	
509:0185	オレをバカにするな{n}こんどはハナクソつけるぞ{n}ブタヤロー	날 바보 취급하지 마{n}이번엔 코딱지 붙일 테다{n}돼지 자식	
509:0186	なんだ てめえ？{n}バウンティハンターか？{n}なんで こんなところにいる{2}{7}まあいい オレは{6:25}だ{n}いっぱい おごろう{n}その{6:26}に話しかけな	뭐야, 너? {n}바운티 헌터냐?{n}왜 이런 데 있어{2}{7}뭐 됐다, 나는 {6:25}다{n}한잔 사지{n}그 {6:26}한테 말을 걸어 봐	
509:0187	へっ 礼なんか よせやい{n}ハンターと{6:19}が なかよくなっちゃ{n}世もすえって やつだぜ{n}はやく{6:26}に話しかけな	헤, 인사는 됐어{n}헌터랑 {6:19}가 친해지면{n}세상 말세라는 거지{n}빨리 {6:26}한테 말 걸어 봐	
509:0188	へっへっへっ{n}{6:29}さまの たのみごとだ{n}せいぜいがんばることだな	헤헤헤…{n}{6:29}님의 부탁이다{n}힘껏 애써 보라고	
509:0189	てめえ！ バウンティハンター！{n}オレに近づくな！{n}何しに来やがったんだ このクソッたれが{n}くそっ はきそうだ ウゲッゲゲゲー	이 자식! 바운티 헌터!{n}나한테 가까이 오지 마!{n}뭐 하러 온 거냐 이 개자식이{n}젠장, 토할 것 같아 우게게게ー	
509:0190	てめえが犯罪者どもに悪名高い{n}バウンティハンターの {6:2}・ヤーか{2}{7}オレがブチのめしてやっても{n}いいんだが ・・・キルバレーに行くなら{n}その必要はねえな	네놈이 범죄자들 사이에 악명 높은{n}바운티 헌터 {6:2}·야냐{2}{7}내가 패 줘도{n}되는데… 킬밸리에 가는 거라면{n}그럴 필요는 없겠군	
509:0191	てめえみたいな バウンティハンターに{n}のますサケはねえ！ うせろ ゲスヤロー	너 같은 바운티 헌터한테{n}먹일 술 같은 건 없어! 꺼져 이 자식	
509:0192	{6:25}さんのおごりだ。{n}何でも好きなサケを言いな！	{6:25} 씨가 사는 거다.{n}아무거나 원하는 술 말해 봐!	
509:0193	お前に話することなんか ねえぜ！	너한테 할 말 같은 거 없어!	
509:0194	{6:2}！ やめとけ、サケは・・・{n}それより気になることを言ってたな{n}キルバレー地帯に女が忍びこんだとか・・・	{6:2}! 관둬, 술은…{n}그보다 신경 쓰이는 말을 했는데{n}킬밸리 지대에 여자가 숨어들었다느니…	
509:0195	どこにいるかと思ったら{n}ずいぶん 楽しんでいるようですな	어디 있나 했더니{n}꽤 즐기고 계시는군요	
509:0196	いや・・・なにしろ今日は{n}{6:29}の バースデーだそうで	아니…뭐니 뭐니 해도 오늘은{n}{6:29}의 생신이시라서	
509:0197	全く このめでたい日に{n}やっかいごとは こまるんだが	정말이지, 이 경사스러운 날에{n}골치 아픈 일은 곤란한데	
509:0198	何か あったんですか？	무슨 일 있었나요?	
509:0199	いやね、実は、はずかしい話だが{n}この島の{6:19}たちの一部がね、{n}テロ計画を進めているらしくてね	아니, 실은 부끄러운 얘기지만{n}이 섬의 {6:19} 중 일부가 말이야,{n}테러 계획을 진행하고 있는 모양이야	
509:0200	テロ？	테러요?	
509:0201	そのテロ{6:19}の中に {6:30}という{n}やつがいてね、中ボスなんだが そいつがね{n}キルバレーと呼ばれるエリアで見かけたと{n}いう知らせが入ったんだ	그 테러 {6:19} 중에 {6:30}라는{n}놈이 있는데, 중간 보스인데 그놈이{n}킬밸리라 불리는 구역에서 목격됐다는{n}소식이 들어왔어	
509:0202	で、{6:29}{n}それがどうしたっていうんですか	그래서, {6:29}{n}그게 어쨌다는 겁니까	
509:0203	そこで相談なんだが 一人で{n}一個師団なみの戦闘能力を持つという{n}バウンティハンターの君にね{n}その{6:30}を捕らえてほしいんだ	그래서 부탁인데, 혼자서{n}사단급 전투 능력을 가졌다는{n}바운티 헌터인 자네한테{n}그 {6:30}를 붙잡아 줬으면 해	
509:0204	オレに？	나한테?	
509:0205	君しか たよるものはいないんだ{n}このまま{6:30}を逃がしてしまうと{n}いつ この島内部で テロ攻撃が{n}始まるか わかったもんじゃない・・・	자네 말고는 의지할 사람이 없네{n}이대로 {6:30}를 놓쳐 버리면{n}언제 이 섬 내부에서 테러 공격이{n}시작될지 알 수가 없어…	
509:0206	おい {6:12}よ どうする？	이봐, {6:12}, 어쩔 거야?	
509:0207	{6:3}がらみの可能性もあるしな{n}・・・よし いいだろう 受けよう	{6:3}과 관련 있을{n}가능성도 있고 말이지{n}…좋아, 받아들이지	
509:0208	キルバレーは この町の非常口から行ける。{n}カギは開けておいたから あとは・・・{n}たのんだぞ {6:2}・ヤー	킬밸리는 이 마을{n}비상구로 갈 수 있다.{n}열쇠는 열어 놓았으니까 나머지는…{n}부탁한다, {6:2}·야	
509:0209	まったく冗談じゃない。{n}{6:3}が脱走したあげく 目つきの悪い{n}バウンティハンターが一匹{n}わしの島に上がって来おったわい{2}{7}わしの誕生日だというのに{n}たまったもんじゃない。 なあ{6:28}	정말이지 말도 안 되는군.{n}{6:3}이 탈주한 데다가 눈매 사나운{n}바운티 헌터 한 마리까지{n}내 섬에 올라왔구먼{2}{7}내 생일인데{n}견딜 수가 없군. 안 그런가, {6:28}	
509:0210	まったくです・・・{n}でも{6:29}は {6:3}が脱走してくれて{n}内心 ホッとしておられるんじゃないですか？	정말 그렇습니다…{n}하지만 {6:29}님은 {6:3}이 탈주해 줘서{n}내심 안도하고 계신 게 아닙니까?	
509:0211	むむ・・・{n}さすがは{6:28}・・・頭がいいのう。{2}{7}あの{6:3}とかいう化物を わしの島に{n}入れるのは どうも気がすすまんのだ。{n}たとえ ただちにカーボン刑にするといえどもな	음음…{n}역시 {6:28}구나…머리가 좋군.{2}{7}그 {6:3}이라는 괴물을 내 섬에{n}들이는 건 영 내키지 않거든.{n}설령 즉시 카본형에 처한다 해도 말이야	
509:0212	{6:29}にしては めずらしく弱気ですな	{6:29}님답지 않게 드물게{n}약한 말씀이시군요	
509:0213	いやいや・・・ 最近わしは どうも{n}イヤな予感がするのだ。 JLOの動きも{n}気になるしな・・・ しかも あの{n}バウンティハンター・・・気に入らんやつだ	아니아니… 요즘 나는 왠지{n}불길한 예감이 들어. JLO의 움직임도{n}신경 쓰이고… 게다가 그{n}바운티 헌터… 마음에 안 드는 놈이야	
509:0214	ご安心を・・・{n}キルバレー地帯に 最新のバイオモンスターを{n}セッティングしておきました	안심하십시오…{n}킬밸리 지대에 최신 바이오 몬스터를{n}세팅해 두었습니다	
509:0215	インドの暗黒バザーでしいれたヤツか？{n}フッフッフ それはいい・・・	인도의 암흑 바자에서{n}들여온 놈인가?{n}후후후, 그거 좋군…	
509:0216	{6:4}さま！	{6:4}님!	
509:0217	なんだ	뭐냐	
509:0218	アンダーシティの{6:39}に{n}動きがありました。 どうやらJLOの{n}メンバーが あつめられているようです	언더시티의 {6:39}한테{n}움직임이 있었습니다. 아무래도 JLO{n}멤버들이 모이고 있는 것 같습니다	
509:0219	ほう・・・やつらのねらいはなんだ？	호오… 놈들의 노림수는 뭐지?	
509:0220	はっきりとはわかりませんが{n}どうやら{6:30}と{6:39}の対立が{n}はげしくなっています	확실하진 않지만{n}아무래도 {6:30}와 {6:39}의 대립이{n}격화되고 있습니다	
509:0221	よしよしよし・・・{n}内部でぶんれつしたところを{n}いちもうだじんにしてやる	좋아 좋아 좋아…{n}내부에서 분열하는 틈을 타{n}일망타진해 주지	
509:0222	出動している{6:23}を{n}呼びもどして JLOのチェックを{n}強化しますか？	출동 중인 {6:23}을{n}불러들여서 JLO 감시를{n}강화할까요?	
509:0223	いやいやいや・・・まだよい。{n}ギリギリまで およがせておけ{n}気に入らんやつは全員死んでもらう	아니아니아니… 아직 됐다.{n}끝까지 지켜보기만 해{n}마음에 안 드는 놈들은 전부 죽어 줘야겠어	
509:0224	クククク・・・{n}{6:29}もワルですなあ	쿠쿠쿠쿠…{n}{6:29}도 참 못됐으시네요	
509:0225	ひきつづき {6:39}の動きを{n}報告しろ！	계속해서 {6:39}의 움직임을{n}보고해라!	
509:0226	はっ	네	
509:0227	おいおい！？{n}・・・どうしたんだ みな殺しじゃねえか	어이어이!?{n}…무슨 일이야, 몰살당한 거 아냐	
509:0228	すごい{6:3}反応だ	엄청난 {6:3} 반응이다	
509:0229	うぐ・・・ぐ・・・	으극… 극…	
509:0230	生存者がいるぞ	생존자가 있다	
509:0231	う・・・ うお・・・ オレは・・・{n}バカだった・・・ ぐおおお・・・{n}{6:3}に・・・ 仲間を・・・	우… 우오… 나는…{n}바보였어… 그오오오…{n}{6:3}한테… 동료를…	
509:0232	おい！ しっかりしろ！{n}死ぬんじゃねえ！ おい！	이봐! 정신 차려!{n}죽지 마! 이봐!	
509:0233	オレは・・・ お前を知ってるぞ・・・{n}お前は・・・ 夢・・・	나는… 널 알고 있다…{n}넌… 유메…	
509:0234	{6:30}は 息たえてしまいました	{6:30}는 숨이{n}끊어지고 말았습니다	
509:0235	オレも お前を知ってるぜ・・・{n}かたきはとってやる・・・	나도 널 알고 있어…{n}원수는 갚아 주마…	
509:0236	{6:2}・・・ 知りあいか？	{6:2}… 아는 사이야?	
509:0237	いや 初対面だ・・・ だがオレは{n}確かに この男と会ったことがある・・・{n}いつか どこかで・・・	아니, 초면이야… 근데 나는{n}분명 이 남자를 만난 적이 있어…{n}언젠가, 어딘가에서…	
509:0238	{6:2}は {6:30}のうでから{n}{3:0}を ぬきとりました。	{6:2}는 {6:30}의 팔에서{n}{3:0}를 빼냈습니다.	
509:0239	ピーピーピー {6:30}応答せよ！{n}ピーピーピー おい{6:30}！	삐삐삐 {6:30}, 응답하라!{n}삐삐삐 이봐, {6:30}!	
509:0240	{6:19}組識の通信だ！	{6:19} 조직의 통신이다!	
509:0241	ピーピーピー 最後通告だぞ！{n}{6:30} 返事がないなら{n}これを最後の通信にするぞ！	삐삐삐 마지막 경고다!{n}{6:30}, 대답이 없다면{n}이걸 마지막 통신으로 하겠다!	
509:0242	な なんだか おこってるぜ	뭐, 뭔가 화난 것 같은데	
509:0243	{6:37}が地下鉱山で{n}ビラニウムの大鉱脈を発見した。{n}くりかえす {6:37}が地下鉱山で{n}ビラニウムの大鉱脈を発見した。{2}{7}すぐにD計画を実行しないと{n}ビラニウムは{6:4}により{n}われわれの手のとどかない場所に{n}移されるだろう！{2}{7}返事がないので D計画の{n}即時実行に反対意見はないものとする。{n}では通信終り。 ピーピーピーピー プツッ	{6:37}가 지하 광산에서{n}비라니움 대광맥을 발견했다.{n}반복한다. {6:37}가 지하 광산에서{n}비라니움 대광맥을 발견했다.{2}{7}즉시 D계획을 실행하지 않으면{n}비라니움은 {6:4}에 의해{n}우리 손이 닿지 않는 곳으로{n}옮겨질 것이다!{2}{7}응답이 없으므로 D계획의{n}즉시 실행에 반대 의견은{n}없는 것으로 간주한다.{n}이상 통신 종료. 삐삐삐삐 뚝	
509:0244	このありさまは・・・{6:3}か？	이 꼴은… {6:3}인가?	
509:0245	おそらく・・・	아마도…	
509:0246	なかなか役に立つな {6:3}は・・・{n}この調子でJLOを全滅させてくれると{n}わしの島の秩序は守られるわい	꽤 쓸모 있군, {6:3}은…{n}이 기세로 JLO를 전멸시켜 주면{n}내 섬의 질서는 지켜지겠지	
509:0247	{6:29}・・・ 何をのんきなことを{n}言ってるんだ。 この調子でやられたら{n}あっという間に この島はみな殺しだぞ	{6:29}… 무슨 태평한 소리를{n}하시는 겁니까. 이대로 당하면{n}순식간에 이 섬은 몰살당할 겁니다	
509:0248	ピーピーピーピー	삐삐삐삐	
509:0249	何ごとだ？	무슨 일이지?	
509:0250	こちらJLOネットワーク。{n}全JLOメンバーに告ぐ。 {6:39}さまの{n}D計画が あと数分以内に実行予定。{n}受け入れ準備に入れ。{2}{7}くりかえす D計画はまもなく{n}実行予定・・・ 受け入れ準備に入れ・・・{n}以上定期通信終り・・・{n}ピーピーピーピー プツッ	여기는 JLO 네트워크.{n}전 JLO 멤버에게 고한다. {6:39}님의{n}D계획이 앞으로 몇 분 내 실행 예정.{n}수용 준비에 들어가라.{2}{7}반복한다. D계획은 곧{n}실행 예정… 수용 준비에 들어가라…{n}이상 정기 통신 종료…{n}삐삐삐삐 뚝	
509:0251	な・・・何！？ D計画だと！？{n}な 何だいったい・・・	뭐, 뭐!? D계획이라고!?{n}대, 대체 뭐야…	
509:0252	どうした{6:29}。 顔が青いぜ{n}テロ計画が始まるのか？	왜 그래, {6:29}. 얼굴이 새파란데{n}테러 계획이 시작되는 거야?	
509:0253	テロ計画・・・ D計画・・・{n}{6:39}・・・ もしかすると・・・{n}D・・・ D・・・ うーむDとは{n}何のことだ・・・	테러 계획… D계획…{n}{6:39}… 혹시…{n}D… D… 으음, D란{n}대체 뭐지…	
509:0254	ドラキュラのDじゃねえのか？	드라큘라의 D 아니야?	
509:0255	そうだ！！ {6:56}だ！ まちがいない{n}うっ・・・ こうしちゃおれん{n}おい！ バウンティハンター！{n}お前は{6:3}を追ってくれ{2}{7}わしはD計画について調べる。{n}このままじゃ わしの島が危ない！{n}しっけいするぞ！	맞아!! {6:56}다! 틀림없어{n}윽… 이러고 있을 때가 아니다{n}이봐! 바운티 헌터!{n}넌 {6:3}을 쫓아라{2}{7}난 D계획에 대해 알아보겠다.{n}이대로면 내 섬이 위험해!{n}먼저 실례하지!	
509:0256	おい！ {6:2} {6:3}を追おう！{n}この 緑色のドロドロを追えば{n}ヤツの所まで行けるぞ	이봐! {6:2}, {6:3}을 쫓자!{n}이 초록색 끈적한 걸 따라가면{n}그놈한테까지 갈 수 있어	
509:0257	いたぜ・・・ {6:3}・・・	있다… {6:3}…	
509:0258	やはりビラニウム目当てか・・・	역시 비라니움이 목적이었나…	
509:0259	そうかんたんには行かねえぜ！{n}かくごしな{6:3} とおりゃー！！	그렇게 간단하게는 안 되지!{n}각오해라, {6:3} 이야ー!!	
509:0260	はあはあはあはあ・・・	하아하아하아하아…	
509:0261	やったな{6:2}	해냈구나, {6:2}	
509:0262	てこずらせやがって・・・	애먹이는 놈이었군…	
509:0263	やっと終わったぜ・・・{n}これでしばらく休みがとれるな・・・	드디어 끝났어…{n}이걸로 당분간 쉴 수 있겠군…	
509:0264	ほんとだぜ・・・ まったく・・・	진짜네… 정말이지…	
509:0265	な 何だ？ あいつは	뭐, 뭐야? 저 녀석은	
509:0266	ぼうしにJと書いてあったな・・・{n}うーん どっかで見たことがあるような{n}・・・無いような	모자에 J라고 쓰여 있었는데…{n}으음, 어디선가 본 것 같기도{n}…아닌 것 같기도	
509:0267	看守か誰かの子どもじゃないのか？	간수나 누군가의 아이 아니야?	
509:0268	フェンスが{n}むりやり こじ開けられてる	울타리가{n}억지로 뜯겨 열려 있다	
509:0269	しかも つい最近のようだな	게다가 최근에 그런 것 같군	
509:0270	強いビラニウム反応だ	강한 비라니움 반응이다	
509:0271	しかしビラニウムは・・・無い・・・	하지만 비라니움은… 없다…	
509:0272	や やられた！！	다, 당했다!!	
509:0273	どうしたんだ？	무슨 일이야?	
509:0274	ビラニウムを盗まれた・・・	비라니움을 도둑맞았다…	
509:0275	この中にビラニウムがあったのか	이 안에 비라니움이 있었던 거야?	
509:0276	けさがた 高純度のビラニウムの{n}大鉱脈を 部下の{6:37}が発見したのだ	오늘 아침 고순도 비라니움의{n}대광맥을 부하인 {6:37}가 발견했다	
509:0277	誰が盗んだんだ？	누가 훔친 거야?	
509:0278	JLOの{6:39}だ	JLO의 {6:39}이다	
509:0279	{6:39}？ そうだ！{n}さっきすれちがったのは 殺人マラカスの{n}知能暴力犯罪者 {6:39}だ！！	{6:39}? 맞아!{n}아까 스쳐 지나간 건 살인 마라카스의{n}지능 폭력 범죄자 {6:39}이다!!	
509:0280	{6:43}じゃねえのか？	{6:43} 아니야?	
509:0281	やつはビラニウムを使って{n}JLOのボスの {6:56}を復活させる気だ！	그놈은 비라니움을 이용해서{n}JLO의 보스인 {6:56}를 부활시킬 생각이다!	
509:0282	何だ？ どういうことだ？	뭐야? 그게 무슨 소리야?	
509:0283	いっしょに来てくれ	같이 와 줘	
509:0284	まずい・・・{n}これはまずいことになった・・・	큰일이다…{n}이거 큰일이 벌어졌어…	
509:0285	さっきのD計画か	아까 그 D계획인가	
509:0286	そうだ。{n}{6:56}は{6:39}のボスで{n}わしがカーボン刑にしたんだ	그렇다.{n}{6:56}는 {6:39}의 보스로{n}내가 카본형에 처했었다	
509:0287	カーボン刑に？ 当局の記録では{n}{6:56}はカーボン刑なんかじゃないぞ{n}終身刑のはずだ	카본형에? 당국 기록으로는{n}{6:56}는 카본형 같은 게 아니라{n}종신형이었을 텐데	
509:0288	うるさい！ {6:56}が{n}JLOなぞを結成するから{n}わしの島の秩序は みだれ始めたんだ	시끄럽다! {6:56}가{n}JLO 따위를 결성하니까{n}내 섬의 질서가 흐트러지기 시작한 거다	
509:0289	私刑か・・・	사형인가…	
509:0290	{6:4}！{n}あきらかに越権行為だぞ	{6:4}!{n}명백한 월권행위다	
509:0291	うるさい！{n}わしの島で わしが何をしようと{n}わしの勝手だ	시끄럽다!{n}내 섬에서 내가 뭘 하든{n}내 마음이다	
509:0292	間にあえばいいが・・・	시간에 맞으면 좋을 텐데…	
509:0293	オレは関係ねえぜ	난 상관없다고	
509:0294	うわっ！ ヤバい	으앗! 큰일이다	
509:0295	やめろ！ {6:39}！ わしの島で{n}勝手なことをするのは許さんぞ！！{n}ビラニウムを返せ！	그만둬라! {6:39}! 내 섬에서{n}제멋대로 구는 건 용납 못 한다!!{n}비라니움을 돌려줘!	
509:0296	これはこれは{6:4}！！{n}今まで ぼくのことを すいぶんと{n}バカにしたね。 今日こそ お前に{n}ふくしゅうしてやる。{2}{7}このビラニウムに エネルギーを{n}あたえて カーボンをとかすんだ。{n}そしたら ぼくらの{6:56}さまが{n}よみがえるんだよ へへへ	이야, 이거 {6:4}!!{n}지금까지 날 참 많이도{n}무시했었지. 오늘이야말로 너한테{n}복수해 주겠어.{2}{7}이 비라니움에 에너지를{n}줘서 카본을 녹이는 거야.{n}그럼 우리의 {6:56}님이{n}되살아난다고 헤헤헤	
509:0297	やめろ！ やめるんだ！！{n}そんなことをしたら・・・	그만둬! 멈춰!!{n}그런 짓을 하면…	
509:0298	うるさい！ ぼくは{n}やると決めたことは ぜったいやるんだ！{2}{7}{6:56}さまあ！！{n}今 助けますよ！！{n}もえろ！ もえるんだ ビラニウムよ！{n}{6:56}さまを復活させるのだ！！	시끄러워! 나는{n}하기로 한 건 반드시 한다고!{2}{7}{6:56}니임!!{n}지금 구해 드릴게요!!{n}타올라라! 타올라라, 비라니움이여!{n}{6:56}님을 부활시키는 거다!!	
509:0299	ひさしぶりだな {6:4}	오랜만이구나, {6:4}	
509:0300	・・・デ・・・{6:56}・・・	…데… {6:56}…	
509:0301	死ねえっ！！	뒈져라！！	
509:0302	デ、{6:56}さまあー{n}ぼ ぼくですよ {6:39}です	데, {6:56} 님ーー{n}저, 저예요, {6:39}이에요	
509:0303	うわっ！ やばい{n}ビラニウムの量をまちがえたっ！{n}このままでは 他のカーボン刑モンスターまで{n}よみがえってしまう！！	으앗! 큰일 났다{n}비라니움 양을 잘못 썼어!{n}이대로면 다른 카본형 몬스터까지{n}되살아나 버린다!!	
509:0304	グルルルル	그르르르르	
509:0305	う・・・ う う・・・	으… 으 으…	
509:0306	あ・・・ あ・・・	아… 아…	
509:0307	うわああ た 大変なことに{n}なってしまった・・・{n}デ {6:56}さま 待ってください{n}あれ なんだ お前は？	우와아, 크, 큰일이{n}나 버렸어…{n}데, {6:56} 님, 기다려 주세요{n}어라, 뭐야, 너는？	
509:0308	くそ！ 何もかもぶちこわしだ！{n}もう ぼくの邪魔するヤツは すべて殺す！	젠장！ 전부 다 망쳐 버렸어！{n}이제 날 방해하는 놈은{n}전부 죽여 버릴 거야！	
509:0309	ちょっと待て！{n}目のさっかくかも知れないが 何か{n}みょうなものを見たような気がする。{n}もどってみよう	잠깐 기다려!{n}눈의 착각일지도 모르지만, 뭔가{n}이상한 걸 본 것 같은 느낌이 들어.{n}돌아가 보자	
509:0310	うわっ？ これは！？	으악？ 이건！？	
509:0311	オ・・・オレじゃねえか！？	나… 나잖아!?	
509:0312	ここは生と死のはざま フラットライン{2}バウンティハンター {6:2}・ヤーよ{n}闘いの連続であった その人生の中で{n}多くの者を この世界にほうむった業が{n}今こそお前自身にふりかかる・・・{2}残して来た人生のかけらにさいなまれ{n}身をやくような 後かいのうちに{n}その魂の行くすえを選ぶがいい{n}再生か・・・ 永遠の消滅か・・・{2}さあ {6:2}・ヤーよ 始めよう{n}地獄のグランプリを・・・	여기는 삶과 죽음의 틈, 플랫라인{2}바운티 헌터 {6:2}·야여{n}싸움의 연속이었던 그 인생 속에서{n}수많은 자를 이 세상에서 떠나보낸 업보가{n}지금이야말로 네 자신에게 닥쳐온다…{2}남기고 온 삶의 조각에 괴로워하며{n}몸을 태우는 듯한 후회 속에서{n}그 영혼의 행방을 선택하거라{n}재생인가… 영원한 소멸인가…{2}자, {6:2}·야여, 시작하자{n}지옥의 그랑프리를…	
509:0313	最初のチャレンジャーは・・・{n}{6:42}・マーガンサー	첫 번째 도전자는…{n}{6:42}·마간사	
509:0314	{6:2} 言ったろう{n}お前には不運の星がついていると・・・{n}二度とシャバにはもどれねえと・・・	{6:2}, 말했잖아{n}너한텐 불운의 별이 씌었다고…{n}다시는 바깥세상으론 못 돌아간다고…	
509:0315	2人めのチャレンジャーは・・・{n}{6:62}・マクナマラハン	두 번째 도전자는…{n}{6:62}·맥나마라한	
509:0316	今の君には存在理由が無い。{n}君はずっと一人だった・・・{n}そして今も一人だから・・・	지금의 너한테는{n}존재 이유가 없다.{n}너는 줄곧 혼자였다…{n}그리고 지금도 혼자니까…	
509:0317	3人めのチャレンジャーは・・・{n}ジェイラーズ監獄島刑務所{n}ロード・クルケ・{6:4}{6:29}	세 번째 도전자는…{n}제이라즈 감옥섬 교도소{n}로드 쿠루케·{6:4} {6:29}	
509:0318	わしの島が滅びたのは・・・{n}わしの夢が破れたのは・・・ お前の{n}お前のせいだ お前さえいなければ・・・	내 섬이 멸망한 건…{n}내 꿈이 깨진 건… 네{n}네 탓이다, 네놈만 없었더라면…	
509:0319	4人めのチャレンジャーは・・・{n}剣道の先生 {6:30}	네 번째 도전자는…{n}검도 선생님 {6:30}	
509:0320	{6:2}！ きさま いったいこんな所で{n}何をグズグズしているんだ！	{6:2}! 네놈, 대체 이런 곳에서{n}뭘 꾸물거리고 있는 거냐!	
509:0321	5人めのチャレンジャーは・・・{n}不死身の変態殺りく生物 {6:3}	다섯 번째 도전자는…{n}불사신의 변태 살육 생물 {6:3}	
509:0322	ワタシニモ 心ガ アルカモ知レナイト{n}アナタハ 一度モ 考エナカッタノカ？{n}愛シテル・・・ 愛シテル・・・	나에게도 마음이 있을지 모른다고{n}당신은 한 번도 생각 안 해 봤나?{n}사랑해… 사랑해…	
509:0323	6人めのチャレンジャーは・・・{n}{6:56}・シュマイザー	여섯 번째 도전자는…{n}{6:56}·슈마이저	
509:0324	く く・・・ どうした？{n}オレが誰だか わからないのか？{n}オレは お前をよーく知ってるぜ・・・{n}お前がかくしている もう一つの姿もな・・・	큭 큭… 왜 그래?{n}내가 누군지 모르겠어?{n}나는 널 아주 잘 알고 있지…{n}네가 숨기고 있는 또 하나의 모습도 말이야…	
509:0325	7人めのチャレンジャーは・・・{n}暗殺マシン {6:57}	일곱 번째 도전자는…{n}암살 머신 {6:57}	
509:0326	完全ナル悪トハ完全ナル無関心・・・{n}ブフォフォフォフォー	완전한 악이란 완전한 무관심…{n}부호호호호호ー	
509:0327	8人めのチャレンジャーは・・・{n}{6:9}・ラファエル・ランキュフスキー	8번째 도전자는…{n}{6:9}·라파엘·랑큐프스키	
509:0328	私が何か悪いことをしたの？{n}弱い者は生きていても どうせ何一つ{n}いいことは無いのよ 強いて言えば{n}そんな連中は死んだ方がしあわせなの	내가 뭔가 나쁜 짓이라도 했어?{n}약한 자는 살아 있어 봤자 어차피 아무런{n}좋은 일도 없어. 굳이 말하자면{n}그런 것들은 죽는 편이 행복한 거야	
509:0329	9人めのチャレンジャーは・・・{n}{6:58}・ガブリエル・ランキュフスキー	아홉 번째 도전자는…{n}{6:58}·가브리엘·랑큐프스키	
509:0330	この世はボクと{6:9}を{n}しあわせにするために存在してるのさ。{n}そうでない物は消滅しなくちゃいけない。{n}わかってくれるね？	이 세상은 나와 {6:9}를{n}행복하게 하기 위해 존재하는 거야.{n}그렇지 않은 건 소멸해야만 해.{n}알아줄 거지?	
509:0331	最後のチャレンジャーは・・・{n}再び 不死身の変態殺りく生物 {6:3}	마지막 도전자는…{n}다시 한번, 불사신의 변태 살육 생물 {6:3}	
509:0332	モシ・・・ モウ一度・・・{n}人生ガアレバ・・・ 苦シイ 苦シイ{n}助ケテ・・・ 助ケテ りゅー・・・{n}りゅー・・・	만약… 다시 한번…{n}인생이 있다면… 괴롭다, 괴로워{n}살려 줘… 살려 줘, 류ー…{n}류ー…	
509:0333	パンパカパーン！！{n}いまここに J1グランプリゆうしょうの{n}えいよをたたえよう！	빠바밤ー!!{n}지금 이곳에서 J1 그랑프리 우승의{n}영예를 기리자!	
509:0334	うれしいぜ	기쁘군	
509:0335	ぼくは{6:39}。 オバケだよ	나는 {6:39}. 유령이야	
509:0336	知ってる。{n}そのなりを見れば 誰でもわかる	알아.{n}그 꼴을 보면 누구나 알겠다	
509:0337	そう？ うれしいな	그래? 기쁘네	
509:0338	そう？ うれしいな{n}ここまでのゲームを記録する？	그래? 기쁘네{n}지금까지의 게임을 기록할까요?	
509:0339	ところで チャンピオンに{n}ごほうびはあるのか	그런데 우승자한테{n}상은 있는 거냐	
509:0340	あります！ CGムービーを{n}見ることができます	있습니다! CG 무비를{n}볼 수 있어요	
509:0341	おお そいつはすごい	오, 그거 대단한데	
509:0342	じゃあ行くよ	그럼 간다	
509:0343	へっ コンチクショー{n}{6:3}がなんだ クソ おぼえてやがれ{n}この次会ったら ボコボコにしてやる	흥, 빌어먹을{n}{6:3}이 뭐라고, 젠장, 두고 봐라{n}다음에 만나면 흠씬 패 줄 테다	
509:0344	ああ 命びろいした・・・{n}ありがとうよ ハンターのダンナ・・・{n}・・・殺された連中は運が悪かったな・・・	아아, 목숨을 건졌어…{n}고맙수, 헌터 양반…{n}…죽은 놈들은 운이 없었던 거지…	
509:0345	ザー・・・・・・	자…………	
509:0346	反応がありません。{n}通信状態が悪いようです。	반응이 없습니다.{n}통신 상태가 나쁜 것 같습니다.	
509:0347	あんたも面会人かい？{n}・・・なんか大変なことになってるぞ。{n}今日は面会が許される 年に一度の日なのに・・・{n}えらくモノモノしい警備だぞ・・・	당신도 면회인인가？{n}…뭔가 큰일이 난 모양이야.{n}오늘은 일 년에 한 번 있는 면회일인데…{n}굉장히 삼엄한 경비잖아…	
509:0348	きっと何か非常事態が{n}起きたにちがいねえ	분명 무슨 비상사태가{n}일어난 게 틀림없어	
509:0349	ううう・・・{n}せっかく むすこに会えると思って来たのに・・・	으으으…{n}모처럼 아들을 만날 수{n}있다고 생각해서 왔는데…	
509:0350	おい！ ハンターのだんなよ！ 何があったんだ！{n}なんか{6:3}が どうしたこうしたって・・・{n}警備隊のやつらが えらいさわぎだぜ！{n}{6:3}て何なんだ！ 何者なんだ おい！？	이봐! 헌터 양반! 무슨 일이야!{n}뭔가 {6:3}이 어쩌고저쩌고……{n}경비대 녀석들이 엄청 소란이던데!{n}{6:3}이 대체 뭐야! 뭐 하는 놈이야, 어이!?	
509:0351	あんた、ここは初めて？{n}シガレッツ、持ってるかい？{2}{7}監獄の中にゃカネはないからね{n}何かほしかったら物物交換なのさ{n}役に立つのは シガレッツと{n}ボトルと マガジンだね	당신, 여기 처음이야?{n}담배 갖고 있어?{2}{7}감옥 안엔 돈이 없으니까{n}뭔가 갖고 싶으면 물물교환이지{n}쓸모 있는 건 담배가랑{n}보틀이랑 매거진이지	
509:0352	ほれ この通り 警備隊が{n}島の守りをガッチリかためとる{n}・・・だが わしゃなんだかちょっと{n}さびしいわい	봐, 이렇게 경비대가{n}섬의 수비를 단단히 하고 있지{n}…근데 나는 왠지 좀{n}쓸쓸하구먼	
509:0353	隊長！{n}A1からA4ブロック{n}いじょうありません！	대장님!{n}A1부터 A4 블록{n}이상 없습니다!	
509:0354	隊長！{n}デクスキャリバー監獄ブロック{n}いじょうありません！	대장님!{n}덱스칼리버 감옥 블록{n}이상 없습니다!	
509:0355	隊長！{n}B1からB4ブロック{n}いじょうありません！	대장님!{n}B1부터 B4 블록{n}이상 없습니다!	
509:0356	隊長！{n}デクスキャリバー研究所ブロック{n}いじょうありません！	대장님!{n}덱스칼리버 연구소 블록{n}이상 없습니다!	
509:0357	隊長！{n}ジェイシティおよびセンターヤード{n}いじょうありません！	대장님!{n}제이시티와 센터 야드{n}이상 없습니다!	
509:0358	隊長！{n}地下鉱山ブロック いじょうありません！	대장님!{n}지하 광산 블록, 이상 없습니다!	
509:0359	A1からA4、B1からB4{n}シティにヤードが消えた・・・と{n}おい {6:3}の移動力はどれぐらいだ？{n}知ってる者はいるか？{2}{7}ヘタをすると島の内部まで{n}チェックしなきゃならんぞ・・・{n}この非常事態に JLOのやつら{n}何か しでかさなければいいが・・・	A1부터 A4, B1부터 B4{n}시티에 야드가 사라졌다고…{n}이봐, {6:3}의 이동력은 어느 정도지?{n}아는 사람 있나?{2}{7}잘못하면 섬 내부까지{n}체크해야 할지도 몰라…{n}이 비상사태에 JLO 놈들이{n}무슨 짓이라도 저지르지 않으면 좋겠는데…	
509:0360	非常警戒警報が出て{n}大いそがしなのに JLOの{6:30}まで{n}ふらふらしだすし！ あいつめ もっと{n}落ちつきのあるヤツだと思っとったのに！{2}{7}えーい なんで今日に限って{n}こんなにいそがしいんだ！	비상경계경보가 떠서{n}엄청 바쁜데 JLO의 {6:30}까지{n}어슬렁거리기 시작하고! 그놈, 좀 더{n}차분한 녀석인 줄 알았는데!{2}{7}에잇, 왜 하필 오늘따라{n}이렇게 바쁜 거야!	
509:0361	バ バウンティハンター！？{n}なんでハンターが この島に！？{n}誰か追ってるのかい？{2}{7}オレは もう悪さはしてないぜ しかもよ{n}もはん囚だから この町に自由に出入りできるんだ{2}{7}ヘヘヘ もはん囚になれば{n}ここで仕事もできる{n}オレらは 町の清掃係なんだ{2}{7}今日は{6:29}の誕生日だから{n}オレと{6:20}で この町のそうじを{n}やってるんだよ チリひとつでも落ちてると{n}{6:29}がうるさいからな・・・	바, 바운티 헌터!?{n}왜 헌터가 이 섬에!?{n}누굴 쫓고 있는 거야?{2}{7}나는 이제 나쁜 짓{n}안 해, 게다가 말이야{n}모범수니까 이 마을에{n}자유롭게 드나들 수 있어{2}{7}헤헤헤, 모범수가 되면{n}여기서 일도 할 수 있어{n}우리는 마을 청소 담당이야{2}{7}오늘은 {6:29}의 생일이니까{n}나랑 {6:20}가 이 마을 청소를{n}하고 있는 거야, 먼지 하나라도 떨어져 있으면{n}{6:29}이 잔소리하니까……	
509:0362	バウンティハンター！{n}あんたらのおかげで うちのむすこが{n}こんな所に 一生いなきゃならんのよ！{2}{7}このクソったれが・・・{n}ハジを知れハジを！{n}金のためなら何でもしやがって！	바운티 헌터!{n}당신들 때문에 우리 아들이{n}이런 데서 평생 있어야 하잖아!{2}{7}이 빌어먹을 놈아……{n}부끄러운 줄 알아 부끄러운 줄!{n}돈을 위해서라면 뭐든지 하다니!	
509:0363	シガレッツを持ってるか？{n}シガレッツ1コで おもしれえネタを{n}おしえてやるぜ	담배 갖고 있어?{n}담배 하나에 재밌는 얘기를{n}가르쳐 주지	
509:0364	オレは確かに見た。{n}女だ。 しかもすげえ美人だ。{n}さっき一人の女が ふしぎな道具を使って{n}そこのドアを開けて入っていったんだ。{2}{7}その女は いい香りがしたんだ{n}うーん あれはラビアン国にしかさかない{n}ブルーローズだ。 ブルーローズの{n}香りのする まぼろしの女か・・・	나는 분명히 봤다고.{n}여자야. 게다가 엄청 미인이었어.{n}아까 여자 한 명이 이상한 도구를 써서{n}저기 문을 열고 들어갔어.{2}{7}그 여자, 좋은 향기가 났어{n}으음, 그건 라비안국에서밖에 안 피는{n}블루로즈야. 블루로즈 향기가 나는{n}환상의 여자인가……	
509:0365	けっ ケチなヤローだ	쳇, 쪼잔한 놈이군	
509:0366	なんだ？ シガレッツもねーのか？{n}けっ シケたヤローだ	뭐야? 담배도 없어?{n}쳇, 변변찮은 놈이군	
509:0367	うわーん えーん ごめんなさーい{n}こわかったよー えーん えーん{n}もうしません えーん えーん{n}ごめんなさい えーん えーん	으앙~ 엉엉 죄송해요~{n}무서웠어요~ 엉엉 엉엉{n}다시는 안 그럴게요 엉엉 엉엉{n}죄송해요 엉엉 엉엉	
509:0368	{6:43}に何する気だったんですか？{n}それでもバウンティハンターなの？{n}こんな {6:43}に手を上げるなんて{n}犯罪者以下です サイテーです！	{6:43}한테 뭘 하려던 거예요?{n}그러고도 바운티 헌터예요?{n}이런 {6:43}에게 손을 대다니{n}범죄자만도 못해요, 최악이에요!	
509:0369	ここから先はジェイラーズ監獄だ。{n}いくらバウンティハンターといえども{n}入ることはできない。{n}さあ帰った帰った	여기서부터는 제이라즈 감옥이다.{n}아무리 바운티 헌터라 해도{n}들어갈 수 없다.{n}자, 돌아가 돌아가	
509:0370	キルバレー？ 正門のわきの{n}ハシゴをおりて 非常口のむこうだ{n}・・・お前よっぱらってるのか？{n}あんな危険な場所に何の用だ？	킬밸리? 정문 옆{n}사다리를 내려가서 비상구 너머야{n}…너 취했냐?{n}그런 위험한 곳에 무슨 볼일이야?	
509:0371	犯罪をおかせば すぐにでも通しますぜ{n}ハッピーバースデイ {6:4}！{n}今日はめでたい {6:29}の誕生日{n}ハッピーハッピー{2}{7}・・・こうやって祝ってるふりをしないと{n}殺されちまうんだ	죄를 지으면 바로 통과시켜 주지{n}해피 버스데이 {6:4}!{n}오늘은 경사스러운 {6:29}의 생일{n}해피 해피{2}{7}…이렇게 축하하는 척이라도{n}안 하면{n}죽임당할 거야	
509:0372	このジェイシティをしきってるのは{n}もはん囚の{6:25}だ。 {6:25}は終身刑だが{n}{6:29}にとりいって ジェイシティの治安係に{n}なりやがった。 ゲスなヤローさ{2}{7}みんなの ポンノのさかばを{n}いつも かしきりのつもりでいやがる{n}今もきっと そこにいるぜ	이 제이시티를 쥐고 흔드는 건{n}모범수인 {6:25}야.{6:25}는 종신형이지만{n}{6:29}에게 아부해서 제이시티 치안 담당이{n}돼 버렸지. 비열한 놈이야{2}{7}다들 즐겨 가는 폰노 술집을{n}항상 통째로 빌린 기분으로 있어{n}지금도 분명 거기 있을걸	
509:0373	さっき あおいふくをきた女が{n}かぜのように 町をかけぬけていった・・・{n}ような気がした・・・{2}{7}いったい何だったんだろう・・・ヒック{n}まぼろしか？ ちょっとストレスとかの{n}たまりすぎかな	아까 파란 옷을 입은 여자가{n}바람처럼 마을을 가로질러 갔던…{n}것 같은 느낌이 들었어…{2}{7}대체 뭐였을까… 끅{n}환상인가? 좀 스트레스 같은 게{n}너무 쌓인 건가	
509:0374	ドアのむこうからどなられました。	문 너머에서 고함을 질렀습니다.	
509:0375	よっぱらいは おことわりだ！	취객은 사절이다!	
509:0376	「ジェイラーズ監獄 入り口{n}らくがきがされています。{n}「ヤブをつついてヘビを出す	「제이라즈 감옥 입구」{n}낙서가 되어 있습니다.{n}「괜히 건드리면 탈 난다」	
509:0377	今 でえじな話をしてるんだ！{n}うせな！	지금 중요한 얘기 하고 있다고!{n}꺼져!	
509:0378	初代{6:4}は{n}つかえていた 前の領主をうらぎって{n}この島を手に入れたとさ。{n}3代めといっても ま なりあがりだな{2}{7}そこへ行くとオレなんか{n}300年前までさかのぼる 名家の出なんだ{n}世が世なら お前らハンターなんか{n}あしもとにも よらせな・・・いてっ！	초대 {6:4}은{n}모시던 전 영주를 배신하고{n}이 섬을 손에 넣었다지.{n}3대째라고 해도 뭐, 벼락출세한 거지{2}{7}그 점에서 나 같은 건{n}300년 전까지 거슬러 오르는 명가 출신이야{n}세상이 세상이면 너희 헌터 같은 건{n}발밑에도 못 올 텐데……앗!	
509:0379	💢オレは てめーのような{n}ロクデナシのくせに 親や先祖の{n}じまんをするヤツが いちばんキライなんだ！	💢나는 네놈 같은{n}쓸모없는 주제에 부모나 선조를{n}자랑하는 놈이 제일 싫어!	
509:0380	{6:2} 親となんかあったのか？{n}ケンカしてるのか？	{6:2}, 부모님이랑 무슨 일 있었어?{n}싸운 거야?	
509:0381	知らねえよ！	몰라!	
509:0382	え？	네?	
509:0383	なんでもねえ！	아무것도 아니야!	
509:0384	まったくもう 気に入らないからって{n}ぶつことないのに・・・{n}これだから下せんの生まれは・・・{n}・・・おっと いやその モゴモゴ・・・	정말이지, 맘에 안 든다고{n}때리고 그럴 건 없잖아……{n}그러니까 하류 출신은……{n}…아차, 이런 아니 그게, 우물우물……	
509:0385	いやあ 一年に一日だけとはいえ{n}家族だんらんというのは いいものですなあ{2}{7}わたし この島には{n}一人で来てるので 家族に会えるのは{n}{6:19}と同じく今日だけなんですよ{n}あなたも ご家族の誰かに面会ですか？	허허, 1년에 하루뿐이라지만{n}가족 단란이라는 건 좋은 거지요{2}{7}저, 이 섬에는{n}혼자서 왔으니까요, 가족을 만날 수 있는 건{n}{6:19}와 마찬가지로 오늘뿐이에요{n}당신도 가족 중 누군가를 만나러 온 건가요?	
509:0386	オレに家族はいねえ	나한테 가족 같은 거 없어	
509:0387	そ それは悪いことを{n}たずねました 許してください	그, 그거 실례되는 질문을{n}드렸군요, 용서해 주세요	
509:0388	とーたん この人誰？ こわい人？	아빠, 이 사람{n}누구야? 무서운 사람?	
509:0389	い いや・・・{n}いっしょに住んでねえってだけで・・・{n}気にしねえでくれ	아, 아니……{n}같이 안 산다 뿐이지……{n}신경 쓰지 마	
509:0390	おまえー{n}{6:43}ー	당신……{n}{6:43}……	
509:0391	あんたー	여보……	
509:0392	とーたーん	아빠……	
509:0393	待て！ お前が{6:2}・ヤー{n}キャプチャーした者の特殊能力を使うという{n}賞金稼ぎだな！{2}{7}だが こんな老人をキャプチャーしても{n}せいぜい耳が遠くなるくらいが関の山だ！{2}{7}{6:55}のまねをしたんじゃ{n}そっくりじゃろ？ 何 ぜんぜん？{n}ふん！ そう言うと思った！	기다려！ 네가 바로 {6:2}・야아,{n}캡처한 자의 특수능력을 쓴다는{n}현상금 사냥꾼이로군！{2}{7}하지만 이런 노인을 캡처해 봤자{n}기껏해야 귀가 어두워지는 게 고작일 게다！{2}{7}{6:55}의 흉내를 낸 거라면{n}똑 닮았겠지？ 뭐, 전혀？{n}흥！ 그럴 줄 알았다！	
509:0394	死んでいません。{n}よっぱらって眠っているようです。	죽은 게 아닙니다.{n}취해서 자고 있는 것 같습니다.	
509:0395	ムニャムニャ・・・{n}地下鉱山・・・きょうせいろうどう・・・{n}・・・うう・・・	냠냠…… {n}지하 광산…… 강제 노동…… {n}…으으……	
509:0396	ムニャムニャ・・・{n}もう 食えません・・・	냠냠……{n}이제 못 먹어요……	
509:0397	死んでいる。 よく見ると 体中に{n}こまかい あなが あいている。	죽어 있다. 자세히 보니 온몸에{n}자잘한 구멍이 뚫려 있다.	
509:0398	音がしない。 切れているようだ。	소리가 나지 않는다。{n}끊어진 것 같다。	
509:0399	カギあなのあいた石がある	열쇠 구멍이 뚫린 돌이 있다	
509:0400	「重量物運搬用リフト」とかかれた{n}コントロールパネルがあります。	「중량물 운반용 리프트」라고 적힌{n}컨트롤 패널이 있습니다。	
509:0401	オレがさっき見まわりをしてたとき{n}なんだか緑色に光ってる 無気味なものが{n}見えたんだ。{2}{7}オレはとっさに ものかげにかくれた。{n}なぜって それは オレが夢で見た怪物に{n}そっくりだったんだ。{2}{7}しばらく ふるえていたけれど{n}何も起きなかった。 勇気を出して目を{n}開けたけど もうそこには何もいなかった。{n}あれは・・・ まぼろしだったんだろうか	내가 아까 순찰을 돌고 있을 때{n}뭔가 초록색으로 빛나는 섬뜩한 게{n}보였어。{2}{7}나는 순간적으로{n}물건 뒤에 숨었어。{n}왜냐면 그게 내가 꿈에서 본 괴물이랑{n}똑 닮았거든。{2}{7}한동안 떨고 있었는데{n}아무 일도 일어나지 않았어。 용기를 내서{n}눈을 뜨니 이미 거기엔 아무것도 없었어。{n}그건… 환상이었던 걸까	
509:0402	チキショー またこわれた！{n}修理しても修理しても修理しても{n}別の所がこわれるよ！{n}もうイヤだ！ うわーん！{2}{7}採掘場に行くなら 4号ゲートを勝手に{n}使ってくれ！ スイッチは休けい小屋の中だ！{n}・・・と しまった そいつも{n}こわれてるんだった！ うえーん！	제기랄, 또 고장 났어！{n}고쳐도 고쳐도 고쳐도{n}다른 데가 고장 난다고！{n}이제 싫어！ 으아앙！{2}{7}채굴장 가려면 4호 게이트를{n}마음대로 써도 돼！ 스위치는{n}휴게 오두막 안에 있어！ …라고 하려다 아차,{n}그것도 고장 나 있었지！ 으아앙！	
509:0403	鉱山で みっちりはたらいて{n}筋肉を もりもりつけて・・・{n}いつか{6:29}以下看守一同をブチのめし{n}自由の身になってやるぜ	광산에서 빡세게 일해서{n}근육을 빵빵하게 키워서……{n}언젠가 {6:29} 이하 간수 전원을 때려눕히고{n}자유의 몸이 될 거야	
509:0404	ここは 秘密の地下鉱山。{n}ビラなんとかいう石が出るんだとよ{n}すげえ危険なブツらしい・・・ 作業のあと{n}よく手をあらえって言われるんだよ{2}{7}オレたち{6:19}は鉱石掘りに{n}こき使われてるんだ おかげでメシが{n}うまいこと うまいこと・・・{n}・・・いや よろこんじゃいけねえんだ	여기는 비밀 지하 광산.{n}비라뭐시기라는 돌이 나온다더라고{n}엄청 위험한 물건인 것 같아…… 작업 후에는{n}손을 잘 씻으라고 하더라고{2}{7}우리 {6:19}는 광석 캐는 데{n}혹사당하고 있어, 덕분에 밥이{n}맛있는 거, 맛있는 거……{n}…아니, 좋아하면 안 되는 거지	
509:0405	5号ゲートに続いて 4号ゲートの{n}メインスイッチまで こわれちまったよ{n}こりゃ 予備スイッチを使うしかねえな{2}{7}予備スイッチもこわれてくれたら{n}鉱石掘りを休めるんだがなあ	5호 게이트에{n}이어서 4호 게이트의{n}메인 스위치까지 고장 나 버렸어{n}이건 예비 스위치를 쓸 수밖에 없겠네{2}{7}예비 스위치도 고장 나 주면{n}광석 캐는 걸 쉴 수 있을 텐데 말이야	
509:0406	おっ あんたも4号ゲートの{n}予備スイッチを入れに来たのかい？{n}オレも今来たところなんだ でも{n}せっかく来たんだから あんたが入れなよ	오, 당신도 4호 게이트의{n}예비 스위치를 켜러 왔어？{n}나도 지금 막 왔는데 뭐{n}모처럼 왔으니까 당신이 켜 봐	
509:0407	ビラニウム採掘場に行くなら{n}ここからトロッコに兼って行け。{2}{7}兼り方はかんたんだ。 ハシゴをのぼり{n}あなにとびおりるだけで自動的に兼れる。{n}トロッコの操作は Bボタンでジャンプ。{n}ただそれだけだ{2}{7}無事に採掘場にたどりつくまで{n}トロッコからは おりられない。{n}以上 トロッコの説明おわり。{2}{7}オレは あと何人に この説明をしたら{n}シャバに出られるのかなあ・・・	비라니움 채굴장에 갈 거라면{n}여기서부터 트롤리를 타고 가라。{2}{7}타는 법은 간단하다。 사다리를 올라{n}구멍에 뛰어들기만 하면 자동으로 타진다。{n}트롤리 조작은 B버튼으로 점프。{n}그뿐이다{2}{7}무사히 채굴장에 도착할 때까지{n}트롤리에서 내릴 수 없다。{n}이상 트롤리 설명 끝。{2}{7}나는 앞으로 몇 명한테 이 설명을{n}하면 사회로 나갈 수 있으려나…	
509:0408	いったい何が起きてるんだ・・・{n}{6:2}、できるかぎりデータをあつめるんだ！{n}生きている者をさがせ！{n}言っとくが{6:3}のほかにだぞ！	대체 무슨 일이 벌어지는 거야…{n}{6:2}, 가능한 한 데이터를 모아!{n}살아있는 사람을 찾아!{n}말해 두지만 {6:3} 말고 말이야!	
509:0409	船長室には 一度かんぱんに出ないと{n}行けないぞ！ 階段がふさがれていても{n}遠回りしてでも 上をめざせ！	선장실엔 일단{n}갑판으로 나가지 않으면{n}갈 수 없어! 계단이 막혀 있어도{n}멀리 돌아서라도 위를 향해!	
509:0410	ハンターの生きのこりは お前一人か・・・	헌터 생존자는 너 하나뿐인가…	
509:0411	{6:11}は・・・{n}助からんだろうな・・・	{6:11}은…{n}못 살아남겠지…	
509:0412	船長室のドアはカギがかかってる！{n}スペアキーをさがせ！	선장실 문은 잠겨 있어!{n}예비 열쇠를 찾아!	
509:0413	船長のカギを使えば{n}船長室に入れるぞ！	선장의 열쇠를 쓰면{n}선장실에 들어갈 수 있어!	
509:0414	{6:3}の行方を確認しろ！{n}あれを野放しにするわけにはいかん！{n}当局の命令さえなければ{n}ヤツを殺してやるのに！{2}{7}もっとも 殺し方が{n}わかればだけどな・・・	{6:3}의 행방을 확인해라！{n}저걸 방치할 수는 없다！{n}당국의 명령만 없다면{n}그놈을 죽여 버릴 텐데！{2}{7}하긴, 죽이는 방법을{n}안다면 말이지만…	
509:0415	こうしている間も {6:3}が{n}何か しでかしているかもしれん{n}危険度は時間とともに かそくど的に{n}上がるぞ！ いそごう {6:2}！	이러고 있는 동안에도 {6:3}이{n}무슨 짓을 저지르고 있을지도 몰라{n}위험도는 시간이 지날수록 가속도로{n}올라간다! 서두르자 {6:2}!	
509:0416	たのしそうだな {6:2}{n}はやくシラフにもどってくれ{n}たのむよ・・・	즐거워 보이는군 {6:2}{n}빨리 정신 좀 차려줘{n}부탁한다…	
509:0417	この町の中の誰かが{n}{6:3}なのかもしれん・・・{n}データをあつめたい すこし歩き回ってくれ	이 마을 안의 누군가가{n}{6:3}일지도 몰라…{n}데이터를 모으고 싶다 좀 돌아다녀줘	
509:0418	ジェイラーズ港やジェイシティには{n}{6:3}が上陸したようすはないようだ{n}今のところ{6:29}の話だけが てがかりだ{n}非常口からキルバレーに行こう{2}{7}{6:19}が脱走しないように{n}キルバレーには いろいろ手段が{n}こうじてあるそうだ。 非常にきびしいが{n}今のオレたちにはそれしかない	제이라즈 항구나 제이시티에는{n}{6:3}이 상륙한 흔적은 없는 것 같다{n}지금으로선 {6:29}의 이야기만이 단서다{n}비상구로 킬밸리에 가자{2}{7}{6:19}가 탈주하지 못하도록{n}킬밸리에는 여러 가지 대책이{n}마련되어 있다고 한다。 매우 엄격하지만{n}지금 우리에겐 그것밖에 없다	
509:0419	また こういうことが起きる前に{n}{6:3}をどうにかしないと・・・{n}緑のドロドロをたどって行こう	또 이런 일이 벌어지기 전에{n}{6:3}을 어떻게든 해야 해…{n}초록색 끈적한 자국을 따라가 보자	
509:0420	{6:3}が こんな場所に来た理由が{n}わからない・・・{n}いちおう調べといた方がいいと思う{n}すこし歩きまわってみようぜ	{6:3}이 이런 곳에 온 이유를{n}모르겠어…{n}일단 조사해 두는 게 좋을 것 같아{n}좀 돌아다녀 보자	
509:0421	空中で方向キーを入れると{n}向きを変えられるぞ{n}最初はむずかしいかもしれないが{n}れんしゅうして そんはないぞ	공중에서 방향키를 넣으면{n}방향을 바꿀 수 있어{n}처음엔 어려울지도 모르지만{n}연습해서 손해 볼 건 없어	
