ID	전	후
507:0147	잘 기억나지 않지만…{n}{6:3}이 이 배에서 탈출해서{n}제일러스 섬에서 메타모르포제하는 꿈이야	잘 기억나지 않지만…{n}{6:3}이 이 배에서 탈출해서{n}제이라즈 섬에서 메타모르포제하는 꿈이야
507:0166	있다, 그놈이다！{n}좌현 10시 방향！ 거리, 약 200！{19:15}	있다, 그놈이다！{n}왼쪽 10시 방향！ 거리, 약 200！{19:15}
507:0172	네, 네, 넷！	네, 네, 네！
507:0184	질서…그래, 질서야말로{n}제일러스 섬에서 살아가기 위해{n}가슴에 새겨야 할 말이다.{n}하지만…오늘만큼은…{2}{7}나의 생일인 오늘만큼은…{n}잠시, 그 말을 잊어버리자…{n}그것이 나의 관대한…{n}마음의 증표이기 때문이다!…{2}{7}제군!{n}내 생일을 축하해 줘서{n}고맙다! 고맙다!{n}생큐 베리 머치!	질서…그래, 질서야말로{n}제이라즈 섬에서 살아가기 위해{n}가슴에 새겨야 할 말이다.{n}하지만…오늘만큼은…{2}{7}나의 생일인 오늘만큼은…{n}잠시, 그 말을 잊어버리자…{n}그것이 나의 관대한…{n}마음의 증표이기 때문이다!…{2}{7}제군!{n}내 생일을 축하해 줘서{n}고맙다! 고맙다!{n}생큐 베리 머치!
507:0202	자동항로장치로 어찌어찌{n}제일러스 섬까지는 도착했지만…{n}왠지 꺼림칙한 분위기인데…{n}게다가 악의 냄새가 풀풀 풍기는군	자동항로장치로 어찌어찌{n}제이라즈 섬까지는 도착했지만…{n}왠지 꺼림칙한 분위기인데…{n}게다가 악의 냄새가 풀풀 풍기는군
507:0211	그래서 이렇게 엄중 경계 태세를{n}펴고 있는 거다. 이 일대와 옆의{n}제이시티만이라면 자유롭게 다녀도 좋다.{2}{7}{6:42}의 신병은 우리가 나중에{n}옮겨 두겠다. 수고했다.{n}적당히 감옥 기념품이라도 사서{n}3일 뒤에 오는 배를 타고 돌아가라!	그래서 이렇게 엄중 경계 태세를{n}갖추고 있는 거다. 이 일대와 옆의{n}제이시티만이라면 자유롭게 다녀도 좋다.{2}{7}{6:42}의 신병은 우리가 나중에{n}옮겨 두겠다. 수고했다.{n}적당히 감옥 선물이라도 사서{n}3일 뒤에 오는 배를 타고 돌아가라!
507:0242	방금 한 말은 전부 취소다{n}지금 이 가게 밖에서 {6:3} 반응을 느꼈다!{2}{7}지금 문밖을 지나갔다!{n}감옥 입구로 향하고 있다, 바로 쫓아라!{n}서둘러 {6:2}, 밖이다! 밖이다!	방금 한 말은 전부 취소다{n}지금 이 가게 밖에서 {6:3} 반응이 있었다!{2}{7}지금 문밖을 지나갔다!{n}감옥 입구로 향하고 있다, 바로 쫓아라!{n}서둘러 {6:2}, 밖이다! 밖이다!
507:0253	너 {6:2}・야지{2}{7}밀고가 들어왔어…{n}바운티 헌터 중에서도{n}유독 악명 높은 {6:2}・야가{n}섬을 어슬렁거리고 있다고{2}{7}이 제일러스 감옥에는 말이야{n}너를 죽여도 성에 안 찰 만큼{n}증오하는 놈들이 잔뜩 있어{2}{7}그러니까 이 {6:25}님이{n}너를 죽이고 그 목을 놈들한테 보여 주면{n}어떻게 될 것 같아?{2}{7}놈들은 대환영이겠지, 헤헤…{n}그리고 우리는 사례를 받고…{n}…그런 이유로{n}잠깐 이쪽으로 좀 와 줘야겠어	너 {6:2}・야지{2}{7}밀고가 들어왔어…{n}바운티 헌터 중에서도{n}유독 악명 높은 {6:2}・야가{n}섬을 어슬렁거리고 있다고{2}{7}이 제이라즈 감옥에는 말이야{n}너를 죽여도 성에 안 찰 만큼{n}증오하는 놈들이 잔뜩 있어{2}{7}그러니까 이 {6:25}님이{n}너를 죽이고 그 목을 놈들한테 보여 주면{n}어떻게 될 것 같아?{2}{7}놈들은 대환영이겠지, 헤헤…{n}그리고 우리는 사례를 받고…{n}…그런 이유로{n}잠깐 이쪽으로 좀 와 줘야겠어
507:0260	{6:19} 넘버 1190의 5424 {6:24}!{n}네놈은 자칭 18명 살해범이지만{n}사실은 훔쳐보기로 잡힌 거지?	{6:19} 넘버 1190의 5424 {6:24}!{n}네놈은 18명 살해범이라고 하지만{n}사실은 훔쳐보기로 잡힌 거지?
507:0293	네놈, 뭘 구시렁구시렁 지껄이는 거냐!{n}넌 바운티 헌터지{n}당국의 개 같으니{2}{7}그렇다면 {6:20}가 붙잡힌 건{n}네가 끄나풀 노릇을 한 거겠지	네놈, 뭘 구시렁구시렁 지껄이는 거냐!{n}넌 바운티 헌터지{n}당국의 개 같으니{2}{7}그렇다면 {6:20}가 붙잡힌 건{n}네가 끄나풀 짓을 한 거겠지
507:0348	아니…{6:3}와는 달라 하지만…{n}극히 {6:3}에 가깝다고 할까…	아니…{6:3}와는 달라 하지만…{n}극히 {6:3}와 비슷하다고 할까…
507:0360	그래!! 아무튼 돌아간다!!{n}못 걷겠으면 내가 업어 주지	그래!! 아무튼 돌아간다!!{n}못 가겠으면 내가 업어 주지
507:0365	그래. 부득이한 경우에는{n}일시적으로 내려놔도 되지만{n}다음 맵으로 갈 때는{n}항상 {6:20}를 잊지 마라	그래. 부득이한 경우에는{n}일시적으로 내려놔도 되지만{n}다음 장소로 갈 때는{n}항상 {6:20}를 잊지 마라
507:0410	으…그…쿡… {6:2}・야여{n}싸울 때의…네…눈동자에는{n}…분명히…거짓은 없었어…{2}{7}…{6:20}의…원수를…{n}갚아 줘… 그걸 위해서라면…{n}이…{6:30}의…영혼을…{n}바쳐도…좋아…그헉	으…그…윽… {6:2}・야여{n}싸울 때의…네…눈동자에는{n}…분명히…거짓은 없었어…{2}{7}…{6:20}의…원수를…{n}갚아 줘… 그걸 위해서라면…{n}이…{6:30}의…영혼을…{n}바쳐도…좋아…그헉
507:0425	{6:3}에 대해서는 우리도{n}잘 몰라…{n}하지만 위험하다는 건{n}{6:20}가 죽은 걸로 알 수 있어…{2}{7}게다가…고문 담당인 {6:38}이{n}갑자기 지하 광산으로 간 것도{n}납득이 안 가…{2}{7}지하 광산으로 통하는 하수도는{n}여기서 갈 수 있어. 헌터 양반{n}당신한테 기댈 생각은 없지만 더 이상{n}조직의 희생자를 낼 수도 없으니까…{2}{7}전에 지하 광산에서 훔친 물건인데{n}이런 거라도 괜찮다면 가져가지 않을래	{6:3}에 대해서는 우리도{n}잘 몰라…{n}하지만 위험하다는 건{n}{6:20}가 죽은 걸로 알 수 있어…{2}{7}게다가…고문 담당인 {6:38}이{n}갑자기 지하 광산으로 간 것도{n}납득이 안 가…{2}{7}지하 광산으로 통하는 하수도는{n}여기서 갈 수 있어. 헌터 양반{n}당신한테 의지할 생각은 없지만 더 이상{n}조직의 희생자를 낼 수도 없으니까…{2}{7}전에 지하 광산에서 훔친 물건인데{n}이런 거라도 괜찮다면 가져가지 않을래
507:0430	{6:4}님！{n}기뻐해 주십시오！{n}…비라니움 대광맥을 발견했습니다{n}…그것도 순도가 매우 높은 것입니다	{6:4}님！{n}좋은 소식입니다！{n}…비라니움 대광맥을 발견했습니다{n}…그것도 순도가 매우 높은 것입니다
507:0466	그만둬 {6:2}. 너한테는 임무가 있잖아.{n}센티멘털에 젖어 있을 때가 아니야	그만둬 {6:2}. 너한테는 임무가 있잖아.{n}감상에 빠져 있을 때가 아니야
507:0494	멍청한 놈！ 이 몸은{n}{6:4}님 직속 친위대장이다{n}무슨 바보 같은 소리를 하는 거냐{2}{7}나는 {6:4} {6:29}한테{n}방금 급료를 올려 받은 참이란 말이다{n}그딴 소리를 믿을 수 있겠냐！！！	멍청한 놈！ 이 몸은{n}{6:4}님 직속 친위대장이다{n}무슨 바보 같은 소리를 하는 거냐{2}{7}나는 {6:4} {6:29}한테{n}방금 급료를 올려 받은 참이란 말이다{n}그런 소리를 믿을 수 있겠냐！！！
507:0517	{6:38}이 {6:3}라고？{n}비천한 바운티 헌터 주제에{n}나를 속이려는 거냐？{2}{7}네놈, {6:3} 탈주극을 꾸며내서{n}뭔가 꾸미고 있는 거겠지！{n}옳거니, 본국에서 온 스파이로군！{2}{7}내 오른팔인 {6:38}이{n}전부 조사해 줬다！	{6:38}이 {6:3}라고？{n}비천한 바운티 헌터 주제에{n}나를 속이려는 거냐？{2}{7}네놈, {6:3} 탈주극을 꾸며내서{n}뭔가 꾸미고 있는 거겠지！{n}그렇군, 본국에서 온 스파이로군！{2}{7}내 오른팔인 {6:38}이{n}전부 조사해 줬다！
507:0534	으갸아ー{n}그만해줘ー！！	으아아ー{n}그만해줘ー！！
507:0564	500년 주기로 찾아오는{n}혜성이 있어. 그 혜성이{n}가까워지면 각지의 화산이{n}분화하기 시작해{2}{7}마졸나 산도 불을 뿜었다고{n}했었잖아. 혜성은 분명{n}가까워지고 있어. 최근 각지에서{n}관측되고 있다고	500년 주기로 찾아오는{n}혜성이 있어. 그 혜성이{n}가까워지면 각지의 화산이{n}분화하기 시작해{2}{7}마졸나 산도 분화했다고{n}했었잖아. 혜성은 분명{n}가까워지고 있어. 최근 각지에서{n}관측되고 있다고
507:0572	「{20:35}그대가 악마 비라노를 쓰러뜨릴{n}진정한 용사인지 확인해 보겠다{2}「{20:35}그대의 상대를 맡을 자는{n}라비안 기사의 넋, 라비안 가드이다	「{20:35}그대가 악마 비라노를 쓰러뜨릴{n}진정한 용사인지 확인해 보겠다{2}「{20:35}그대의 상대를 맡을 자는{n}라비안 기사의 혼, 라비안 가드이다
507:0602	시끄러！！{n}나를 이렇게까지 조롱한{n}{6:3} 그놈을 나는 용서 못 해	시끄러！！{n}나를 이렇게까지 우습게 본{n}{6:3} 그놈을 나는 용서 못 해
507:0613	쳇！ 궁상맞은 낯짝이네 너{n}{6:30} 쪽이 훨씬 악당 상판에{n}박력 있어. 게다가 최고 간부라니{n}웃기지 마！	쳇！ 한심한 낯짝이네 너{n}{6:30} 쪽이 훨씬 악당 상판에{n}박력 있어. 게다가 최고 간부라니{n}웃기지 마！
507:0637	하지만 JLO 조직 전체를 생각하면{n}지금은 {6:30}님과의 다툼은{n}피하는 편이…	하지만 JLO 조직 전체를 생각하면{n}지금은 {6:30}님과의 싸움은{n}피하는 편이…
507:0749	우다 노트를 손에 넣었다	우다노트를 손에 넣었다
507:0752	수수께끼투성이야 이 섬은…{n}하지만 말이야 확실한 게 하나 있어{n}그건…이 우다 노트에{n}{6:3}의 약점이 적혀 있다는 거다！	수수께끼투성이야 이 섬은…{n}하지만 말이야 확실한 게 하나 있어{n}그건…이 우다노트에{n}{6:3}의 약점이 적혀 있다는 거다！
507:0754	우다 노트는…{n}라비안 문자로 쓰여 있다고{n}우리는…못 읽어	우다노트는…{n}라비안 문자로 쓰여 있다고{n}우리는…못 읽어
507:0755	아…{6:50}…{n}우…우다 노트를…돌려줘…{2}{7}으…윽…{n}…모…몸이 뜨겁다…{n}…왜…왜…내가…{n}이런 꼴을…윽…젠장！{2}{7}…눈…눈이…안 보여…{n}아…{6:50}…거기 있구나…{n}젠장…네놈 때문에 이런 꼴을…{n}…죽어라아！	아…{6:50}…{n}우…우다노트를…돌려줘…{2}{7}으…윽…{n}…모…몸이 뜨겁다…{n}…왜…왜…내가…{n}이런 꼴을…윽…젠장！{2}{7}…눈…눈이…안 보여…{n}아…{6:50}…거기 있구나…{n}젠장…네놈 때문에 이런 꼴을…{n}…죽어라아！
507:0784	「주르륵…쭉쭉…쭙쭙쫍	「주르륵…쭉쭉…쭉쭉쭉
507:0814	…덧없는 바람인가…	…헛된 바람인가…
507:0843	이 제이라즈 섬에서{n}지금 감옥으로 쓰이고 있는 시설은{n}초대{6:4}이 세운 성을 바탕으로{n}만들어진 거다.{2}{7}{6:4} 가문은 2대째 시절에{n}어떤 이유에서인지 몰락해서, 섬 전체가{n}라진 국에 몰수됐다.{2}{7}마치 요새 같았던 성은{n}감옥 시설로 안성맞춤이었던 거지.{n}어때？ 이 제이라즈 섬에 대해 조금은{n}자세히 알게 됐지？ 원한다면 평생 있어도 좋다고	이 제이라즈 섬에서{n}지금 감옥으로 쓰이고 있는 시설은{n}초대{6:4}이 세운 성을 바탕으로{n}만들어진 거다.{2}{7}{6:4} 가문은 2대째 시절에{n}어떤 이유에서인지 몰락해서, 섬 전체가{n}라진 국에 몰수됐다.{2}{7}마치 요새 같았던 성은{n}감옥 시설로 딱 맞았던 거지.{n}어때？ 이 제이라즈 섬에 대해 조금은{n}자세히 알게 됐지？ 원한다면 평생 있어도 좋다고
507:0844	지금의{6:4}{6:29}은{n}매우 힘든 입장에 계신단다.{n}{6:43} 시절 가문으로서 부족함 없이{n}지내던 성이 지금은 감옥이니 말이야{2}{7}그 심정을 생각하면 우리도{n}마음의 아픔을 금할 길이 없다.{n}그래서 오늘 생일은 섬 전체가{n}축하해 드리는 거다{2}{7}{6:4}{6:29}{n}만세ー！ 만세ー！	지금의{6:4}{6:29}은{n}매우 힘든 입장에 계신단다.{n}{6:43} 시절 가문으로서 부족함 없이{n}지내던 성이 지금은 감옥이니 말이야{2}{7}그 심정을 생각하면 우리도{n}마음이 아파 견딜 수가 없다.{n}그래서 오늘 생일은 섬 전체가{n}축하해 드리는 거다{2}{7}{6:4}{6:29}{n}만세ー！ 만세ー！
507:0904	오, 그렇구나{n}…낭만이 느껴지는걸{n}뭐라고 적혀 있는데? 어디 보자…{n}「떠도는 왕을 안식의 장소로…？	오, 그렇구나{n}…멋이 느껴지는걸{n}뭐라고 적혀 있는데? 어디 보자…{n}「떠도는 왕을 안식의 장소로…？
507:0909	열쇠 구멍이 뚫린 돌이 있다{n}돌에는 문자가 새겨져 있다{2}「검도 가끔은 쓸모가 있다{n}…주로 물건을 부수는 데{n}닳은 돌도 쓸모가 있다{n}…주로 발판으로	열쇠 구멍이 뚫린 돌이 있다{n}돌에는 문자가 새겨져 있다{2}「검도 가끔은 쓸모가 있다{n}…주로 물건을 부수는 데{n}오래된 돌도 쓸모가 있다{n}…주로 발판으로
507:0910	열쇠 구멍이 뚫린 돌이 있다{n}돌에는 문자가 새겨져 있다{2}「사자를 겸한 자는{n}보이지 않는 함을 깨뜨리고{n}사로잡힌 왕녀를 장미 침대로	열쇠 구멍이 뚫린 돌이 있다{n}돌에는 문자가 새겨져 있다{2}「사자이기도 한 자는{n}보이지 않는 함을 깨뜨리고{n}사로잡힌 왕녀를 장미 침대로
507:0920	넌 어느 파야?{n}응? 너 바운티 헌터냐{n}왜 여기 있는 거야?{2}{7}여기 있는 녀석들은 {6:30}파와{n}{6:39}파로 나뉘어 있어{n}이른바 파벌 싸움이지{2}{7}지금은 다들 잠잠하지만{n}{6:39}파는 혈기가 왕성해서{n}무턱대고 테러 활동을 하니까{n}골치 아파	넌 어느 파야?{n}응? 너 바운티 헌터냐{n}왜 여기 있는 거야?{2}{7}여기 있는 녀석들은 {6:30}파와{n}{6:39}파로 나뉘어 있어{n}이른바 파벌 싸움이지{2}{7}지금은 다들 잠잠하지만{n}{6:39}파는 성질이 급해서{n}무턱대고 테러 활동을 하니까{n}골치 아파
507:0933	우리는 D계획에 모든 걸 걸고 있어{n}{6:56}님조차… 아이고…{n}이 이상은 비밀이야 입이 찢어져도 말 못 해	우리는 D계획에 모든 걸 걸고 있어{n}{6:56}님조차… 아이고…{n}이 이상은 비밀이야 죽어도 말 못 해
507:0951	아까 나 {6:39} 봤는데…{n}근데 모습이 이상했어.{n}왠지 섬뜩하더라고…{2}{7}일단 눈이 완전 동그랗거든. 게다가{n}싱글벙글하고 몸은 완전 노란색…{n}어라? 평소랑 똑같잖아.{n}왜 섬뜩했던 걸까?	아까 나 {6:39} 봤는데…{n}근데 모습이 이상했어.{n}왠지 섬뜩하더라고…{2}{7}일단 눈이 완전 동그랗거든. 게다가{n}계속 웃고 있고 몸은 완전 노란색…{n}어라? 평소랑 똑같잖아.{n}왜 섬뜩했던 걸까?
507:0959	으…컥… 괴물이…{n}모두를… 머리부터 우적우적…{n}…으…으…	으…윽… 괴물이…{n}모두를… 머리부터 우적우적…{n}…으…으…
507:0963	아… 아… {6:50}님이…{n}{6:50}님이… 말씀하신 대로다…{2}{7}끄… 아… {6:50}님은…{n}…지금… {6:53}의 성에…{n}유폐당해서… 으…{n}아・{19:5}리・{19:5}바・{19:5}바・{19:5}사・{19:5}마・{19:5}아… 으그와ー	아… 아… {6:50}님이…{n}{6:50}님이… 말씀하신 대로다…{2}{7}끄… 아… {6:50}님은…{n}…지금… {6:53}의 성에…{n}감금당해서… 으…{n}아・{19:5}리・{19:5}바・{19:5}바・{19:5}사・{19:5}마・{19:5}아… 으그와ー
507:0964	눈을 부릅뜬 채 죽어 있다.	눈을 감지 못한 채 죽어 있다.
507:0996	{6:30}는 갓파가 어쩌고{n}말했었지… {6:53}성에 대한{n}얘기일지도 몰라 지상을 지나서 다시 한번{n}센터야드로 가자	{6:30}는 카파가 어쩌고{n}말했었지… {6:53}성에 대한{n}얘기일지도 몰라 지상을 지나서 다시 한번{n}센터야드로 가자
508:0114	잘 기억나지 않지만…{n}{6:3}이 이 배에서 탈출해서{n}제일러스 섬에서 메타모르포제하는 꿈이야	잘 기억나지 않지만…{n}{6:3}이 이 배에서 탈출해서{n}제이라즈 섬에서 메타모르포제하는 꿈이야
508:0140	여기는 제일러스 섬 {6:4}{6:29}{n}정시 연락 바람, 응답하라. {19:2} 반복한다.{n}여기는 제일러스 섬 {6:4}{6:29}이다{n}시 밴디츠호, 응답하라!	여기는 제이라즈 섬 {6:4}{6:29}{n}정시 연락 바람, 응답하라. {19:2} 반복한다.{n}여기는 제이라즈 섬 {6:4}{6:29}이다{n}시 밴디츠호, 응답하라!
508:0144	오케이, {6:2}・야, 잘했다.{n}이미 어두워서 구조대는 보낼 수 없지만,{n}받아들일 준비는 해 두겠다.{n}제일러스 섬 상륙을 기다리겠다	오케이, {6:2}・야, 잘했다.{n}이미 어두워서 구조대는 보낼 수 없지만,{n}받아들일 준비는 해 두겠다.{n}제이라즈 섬 상륙을 기다리겠다
508:0168	질서…그래, 질서야말로{n}제일러스 섬에서 살아가기 위해{n}가슴에 새겨야 할 말이다.{n}하지만…오늘만큼은…{2}{7}나의 생일인 오늘만큼은…{n}잠시, 그 말을 잊어버리자…{n}그것이 나의 관대한…{n}마음의 증표이기 때문이다!…{2}{7}제군!{n}내 생일을 축하해 줘서{n}고맙다! 고맙다!{n}생큐 베리 머치!	질서…그래, 질서야말로{n}제이라즈 섬에서 살아가기 위해{n}가슴에 새겨야 할 말이다.{n}하지만…오늘만큼은…{2}{7}나의 생일인 오늘만큼은…{n}잠시, 그 말을 잊어버리자…{n}그것이 나의 관대한…{n}마음의 증표이기 때문이다!…{2}{7}제군!{n}내 생일을 축하해 줘서{n}고맙다! 고맙다!{n}생큐 베리 머치!
508:0224	네가 {6:3}을 해치운 {6:2}・야{n}…아니, {6:2}・야 씨인가{n}고맙다, 감사해, 그놈은{n}내 어머니의 원수였어{2}{7}내가 좀 더 강했더라면…{n}내 손으로 {6:3}을 죽이고 싶었어…{2}{7}…그런데 {6:2} 씨{n}내 여동생이랑 결혼 안 할래?{n}꽤 미인이야?{n}코가 톡 위로 솟아서 말이지	네가 {6:3}을 해치운 {6:2}・야{n}…아니, {6:2}・야 씨인가{n}고맙다, 감사해, 그놈은{n}내 어머니의 원수였어{2}{7}내가 좀 더 강했더라면…{n}내 손으로 {6:3}을 죽이고 싶었어…{2}{7}…그런데 {6:2} 씨{n}내 여동생이랑 결혼 안 할래?{n}꽤 미인이야?{n}코가 높아서 말이지
508:0241	정말이지 어이가 없군.{n}{6:3}이 탈주한 끝에 사살된 건 좋지만{n}눈매가 험상궂은 바운티 헌터 한 마리가{n}내 섬에 올라왔단 말이지{2}{7}내 생일인데{n}참을 수가 없구만. 안 그래 {6:28}	정말이지 어이가 없군.{n}{6:3}이 탈주한 끝에 사살된 건 좋지만{n}눈매가 험악한 바운티 헌터 한 마리가{n}내 섬에 올라왔단 말이지{2}{7}내 생일인데{n}참을 수가 없구만. 안 그래 {6:28}
508:0280	그래 네 부하인 {6:20}도{n}눈빛이 좋았거든{n}말 나온 김에 내 이름은{n}{6:2}・야다	그래 네 부하인 {6:20}도{n}눈빛이 좋았거든{n}말이 나왔으니 내 이름은{n}{6:2}・야다
508:0294	{6:2}・야여…{n}무슨 영문인지는 모르지만{n}너는 제일러스 섬에 왔다.{n}그리고 {6:20}를 죽이지 않았다{2}{7}…거기서 나는 운명을 느낀다	{6:2}・야여…{n}무슨 영문인지는 모르지만{n}너는 제이라즈 섬에 왔다.{n}그리고 {6:20}를 죽이지 않았다{2}{7}…거기서 나는 운명을 보았다
508:0322	나도 그렇게 생각해…{n}확실히 수상쩍어…{n}…꿈의 계시도 있었고 말이야{2}{7}{6:20}…알았다{n}너희를 믿어 보마…	나도 그렇게 생각해…{n}확실히 수상해…{n}…꿈의 계시도 있었고 말이야{2}{7}{6:20}…알았다{n}너희를 믿어 보마…
508:0327	가라앉지 않아…{n}떠오르지도 않고…{n}이 액체의 비중은 생물체와{n}완전히 똑같아!{2}{7}{6:20}의 비중이{n}악어와 같다면 대략 0.9…{n}그러니까…	가라앉지 않아…{n}떠오르지도 않고…{n}이 액체의 비중은 생물체와{n}완전히 똑같아!{2}{7}{6:20}의 비중이{n}악어와 같다면 약 0.9…{n}그러니까…
508:0328	쓸데없이 과학 공부나{n}하고 있지 말고 어떻게든 구해	쓸데없이 공부나{n}하고 있지 말고 어떻게든 구해
508:0347	…더{n}…즐거운 쇼를 보여 주지 그래?	…더{n}…즐거운 걸 보여 주지 그래?
508:0355	…우…피{n}…픽{6:11}…끅	…우…피{n}…피{6:11}…끅
508:0491	네 넵. 아 아뇨{n}실은 조금 전 연구실에서 소동이	네 넵. 아 아니{n}실은 조금 전 연구실에서 소동이
508:0498	웬만한 악당은 다 그런 법이지	어지간한 악당은 다 그런 법이지
508:0541	확실히 이 방에는 뭔가 장치가 있는{n}모양이다. 방 네 귀퉁이의 오벨리스크를 봐라.{n}하나만 아래로 떨어져 있지. 분명{n}저걸 받침대에 올리면 스위치가 켜질 거다.	확실히 이 방에는 뭔가 장치가 있는{n}모양이다. 방 네 구석의 오벨리스크를 봐라.{n}하나만 아래로 떨어져 있지. 분명{n}저걸 받침대에 올리면 스위치가 켜질 거다.
508:0592	{6:50}님은{n}{6:29}의 야망을 막기 위해 JLO를 떠나{n}홀로 우다 노트를 쫓고 계셨던 거다{2}{7}{6:53}성의 비밀 아지트에서{n}우다 노트의 단서를 찾고 있었다{n}…우다 노트와 비라니움이{n}관계가 있다는 건 알고 있겠지？{2}{7}{6:2} 동생을 구하고 싶다면{n}{6:53}성에 가서 {6:50}님을{n}만나라 우다 노트를 읽을 수 있는 건{n}그분뿐이다{2}{7}아니… {6:50}님의{n}따님이라면 그 {6:5}씨도{n}읽을 수 있을까…	{6:50}님은{n}{6:29}의 야망을 막기 위해 JLO를 떠나{n}홀로 우다노트를 쫓고 계셨던 거다{2}{7}{6:53}성의 비밀 아지트에서{n}우다노트의 단서를 찾고 있었다{n}…우다노트와 비라니움이{n}관계가 있다는 건 알고 있겠지？{2}{7}{6:2} 동생을 구하고 싶다면{n}{6:53}성에 가서 {6:50}님을{n}만나라 우다노트를 읽을 수 있는 건{n}그분뿐이다{2}{7}아니… {6:50}님의{n}따님이라면 그 {6:5}씨도{n}읽을 수 있을까…
508:0610	나는…{6:4}에게{n}납치당했다。 {6:4}은 우리{n}라비안국의 보물인 우다 노트를{n}손에 넣고 말았다	나는…{6:4}에게{n}납치당했다。 {6:4}은 우리{n}라비안국의 보물인 우다노트를{n}손에 넣고 말았다
508:0614	{6:4}은…{n}우다 노트를 내게 해독시키려 했다。{n}내가 라비안 문자를 읽을 수 있기 때문이다。{2}{7}확실히 나는 읽을 수 있었다。{n}하지만 나는 그 내용을 {6:4}에게{n}전하기를 거부했다。{n}아무리 고초를 겪어도 말하지 않았다	{6:4}은…{n}우다노트를 내게 해독시키려 했다。{n}내가 라비안 문자를 읽을 수 있기 때문이다。{2}{7}확실히 나는 읽을 수 있었다。{n}하지만 나는 그 내용을 {6:4}에게{n}전하기를 거부했다。{n}아무리 고초를 겪어도 말하지 않았다
508:0615	우다 노트의 내용 같은 건…{n}가르쳐 줘도 됐을 텐데	우다노트의 내용 같은 건…{n}가르쳐 줘도 됐을 텐데
508:0616	내 목숨은 이제 길지 않을 것이다。{n}비라니움에서 태어난 사악한 괴물의{n}제물로 {6:4}은{n}나를 선택한 것이다{2}{7}내 목숨 따위는 줘 버리겠다。{n}하지만 괴물의 숨통만은{n}끊어야만 한다。{2}{7}이 세계를 고대 라비안의{n}전철을 밟게 하고 싶지 않다…{n}그것이 내 죗값이다。{2}{7}여기서 우다 노트의 내용을{n}전하겠다。 이것을 알고 실행하면{n}모든 비라니움의 저주는 사라질 것이다{n}…괴물도 사라진다	내 목숨은 이제 길지 않을 것이다。{n}비라니움에서 태어난 사악한 괴물의{n}제물로 {6:4}은{n}나를 선택한 것이다{2}{7}내 목숨 따위는 줘 버리겠다。{n}하지만 괴물의 숨통만은{n}끊어야만 한다。{2}{7}이 세계를 고대 라비안의{n}전철을 따르게 하고 싶지 않다…{n}그것이 내 죄의 대가다。{2}{7}여기서 우다노트의 내용을{n}전하겠다。 이것을 알고 실행하면{n}모든 비라니움의 저주는 사라질 것이다{n}…괴물도 사라진다
508:0625	후우…멈췄다	후우…멈추었다
508:0655	{6:54}한테 손 안 댔겠지	{6:54}한테 손대지 않았겠지
508:0663	…그래…{n}우리 부대도 바로 뒤를 쫓았어…{n}하지만 {6:46} 이외는 전부 시체였어{2}{7}{6:3}에게 포획됐다고…{n}모두 그렇게 말했어。{n}이제 포기하라…고도{2}{7}하지만 난 포기하지 않았어。{n}눈에 띄는 대로 {6:3}에 관한 데이터를{n}모조리 조사했어。{n}그리고 마침내 찾아냈어{2}{7}이 제일러스 섬에{n}{6:46}를 구할 수 있는 우다 노트가{n}있다는 걸…	…그래…{n}우리 부대도 바로 뒤를 쫓았어…{n}하지만 {6:46} 이외는 전부 시체였어{2}{7}{6:3}에게 포획됐다고…{n}모두 그렇게 말했어。{n}이제 포기하라…고도{2}{7}하지만 난 포기하지 않았어。{n}보이는 대로 {6:3}에 관한 데이터를{n}모조리 조사했어。{n}그리고 마침내 찾아냈어{2}{7}이 제이라즈 섬에{n}{6:46}를 구할 수 있는 우다노트가{n}있다는 걸…
508:0666	{6:54}！ 항구 의무실에{n}{6:46}가 있다。 하지만 위험한 상태다。{n}내가 우다 노트를 손에 넣을 때까지{n}곁에 있어 줬으면 한다	{6:54}！ 항구 의무실에{n}{6:46}가 있다。 하지만 위험한 상태다。{n}내가 우다노트를 손에 넣을 때까지{n}곁에 있어 줬으면 한다
508:0677	젠장！ 여기까지 와서{n}꽝을 뽑게 될 줄이야	젠장！ 여기까지 와서{n}헛걸음을 하게 될 줄이야
508:0690	찾아다녔어요…아빠가{n}갑자기 모습을 감춘 이후로{n}저와 {6:49}는…	계속 찾았어요…아빠가{n}갑자기 모습을 감춘 이후로{n}저와 {6:49}는…
508:0700	아버지를 풀어 주면{n}제가 우다 노트를 해독해 줄게요	아버지를 풀어 주면{n}제가 우다노트를 해독해 줄게요
508:0709	{6:5}는{n}우다 노트를 건네받았다	{6:5}는{n}우다노트를 건네받았다
508:0718	…고대 라비안 기사{n}우다의 혼이 깃든{n}{6:53}상・{6:51}상・{6:52}상을{n}되살리는 것이다{2}{7}각각의 반지는{n}상의 수수께끼를 풂으로써{n}봉인이 풀릴 것이다	…고대 라비안 기사{n}우다의 혼이 깃든{n}{6:53}상・{6:51}상・{6:52}상을{n}되살리는 것이다{2}{7}각각의 반지는{n}상의 수수께끼를 풀면{n}봉인이 풀릴 것이다
508:0766	{6:2}。 {6:52}상의{n}봉인을 푸는 말은 뭐지？	{6:2}。 {6:52}상의{n}봉인을 여는 말은 뭐지？
508:0782	실버 링은 마력이 있어。{n}당신 검이 마법의 힘에 휩싸이고{n}그러면 {6:4}나 괴물과{n}대등하게 싸울 수 있게 돼	실버 링은 마력이 있어。{n}당신 검이 마법의 힘이 깃들고{n}그러면 {6:4}나 괴물과{n}대등하게 싸울 수 있게 돼
508:0807	비라니움 성분 중에서{n}나쁜 부분이 사라진 거야{2}{7}우다 노트에 적혀 있었어{n}그린 하트를 마시게 하면 동생분{n}체내에 있는 {6:3}의 독소가 사라진다고	비라니움 성분 중에서{n}나쁜 부분이 사라진 거야{2}{7}우다노트에 적혀 있었어{n}그린 하트를 마시게 하면 동생분{n}체내에 있는 {6:3}의 독소가 사라진다고
508:0873	그건…{n}우다 노트일지도 몰라	그건…{n}우다노트일지도 몰라
508:0874	{6:4} 녀석…{n}역시 우다 노트를 알고 있었나{n}…그래서 우다 노트는 어디 있지？	{6:4} 녀석…{n}역시 우다노트를 알고 있었나{n}…그래서 우다노트는 어디 있지？
508:0879	알았다。 우리도{n}우다 노트가 필요하다。 그{n}비라니움에서 태어난 괴물을{n}이대로 둘 수는 없다{2}{7}우다 노트에는{n}괴물을 저세상으로 보낼 방법이{n}쓰여 있을지도 모른다	알았다。 우리도{n}우다노트가 필요하다。 그{n}비라니움에서 태어난 괴물을{n}이대로 둘 수는 없다{2}{7}우다노트에는{n}괴물을 저세상으로 보낼 방법이{n}쓰여 있을지도 모른다
508:0882	우다 노트를 가져왔다{n}…라비안의 여닌자에게{n}바로 해독시키자	우다노트를 가져왔다{n}…라비안의 여닌자에게{n}바로 해독시키자
508:0900	우다 노트를 읽을 때가{n}아니게 되겠지	우다노트를 읽을 때가{n}아니게 되겠지
508:0927	흐흐흐, 짖어라.{n}자 어떡할 테냐? 벽 속으로 돌아가서{n}고대 라비안의 문화를 캐내는 거다, 그리고{n}우다노트의 행방을 알아내는 거다!!	흐흐흐, 떠들어라.{n}자 어떡할 테냐? 벽 속으로 돌아가서{n}고대 라비안의 문화를 캐내는 거다, 그리고{n}우다노트의 행방을 알아내는 거다!!
508:0966	…당신…… {19:1}거짓말을……{n}…했군요……{2}{7}…언니를…… {n}언니를 구할 수 있었을지도 모르는데{n}내버려 둔 거죠!?	…당신…… {19:1}거짓말을……{n}…했군요……{2}{7}…언니를…… {n}언니를 구할 수 있었을지도 모르는데{n}그냥 보고만 있었던 거죠!?
508:0971	아니…… 그게…… {n}타이밍이……	아니…… 그게…… {n}때가……
508:1006	야아 야아 여러분{n}고마워요! 고마워요!{n}땡큐 베리머치!	야아 야아 여러분{n}고마워요! 고마워요!{n}생큐 베리머치!
508:1021	연구는 즐겁네.{n}콧노래가 다 나오네.{n}흥 흥 흐흐흥, 연구는~ 즐거워~	연구는 즐겁네.{n}노래가 절로 나오네.{n}흥 흥 흐흐흥, 연구는~ 즐거워~
508:1077	거대한 동물이 푹 잠들어 있다	거대한 동물이 깊이 잠들어 있다
508:1081	여기 한 시간쯤 됐는데{n}왠지 가끔 땅이 흔들리는 것 같은{n}느낌이 들어……{2}{7}엣, 취한 거 아니거든{n}바보 취급하지 마{n}…근데 왠지 불안하단 말이지~{n}당신, 뭔가 짚이는 거 없어?	여기 한 시간쯤 됐는데{n}왠지 가끔 바닥이 흔들리는 것 같은{n}느낌이 들어……{2}{7}엣, 취한 거 아니거든{n}바보 취급하지 마{n}…근데 왠지 불안하단 말이지~{n}당신, 뭔가 짚이는 거 없어?
508:1116	여기 있는 녀석들은 {6:30}파{n}{6:39}파로 나뉘어 있었어{n}근데 지금은 {6:30}님 아래서{n}하나로 뭉쳤지{2}{7}비상사태가 일어났어{n}{6:4}이 뭔가 실험을 해서{n}말도 안 되는 괴물을 만들었다나 봐{n}그게 풀려났다더라고{2}{7}{6:39}은 히스테리를 일으켜서{n}전혀 의지가 안 돼{n}그 점에서 {6:30}님은 침착해서{n}믿음직스럽지	여기 있는 녀석들은 {6:30}파{n}{6:39}파로 나뉘어 있었어{n}근데 지금은 {6:30}님 아래서{n}하나가 됐지{2}{7}비상사태가 일어났어{n}{6:4}이 뭔가 실험을 해서{n}말도 안 되는 괴물을 만들었다나 봐{n}그게 풀려났다더라고{2}{7}{6:39}은 히스테리를 일으켜서{n}전혀 의지가 안 돼{n}그 점에서 {6:30}님은 침착해서{n}믿음직스럽지
508:1119	{6:50}님은 행방불명되지{n}괴물은 덮쳐오지…{n}제이라즈 섬은 이제 끝장일지도 몰라	{6:50}님은 행방불명되지{n}괴물은 날뛰지…{n}제이라즈 섬은 이제 끝장일지도 몰라
508:1139	…나한테 말 걸지 마{n}내 무력함을 곱씹고 있는 중이니까…{n}모처럼 D계획이 재밌어지려던{n}참이었는데…	…나한테 말 걸지 마{n}내 무력함을 생각하고 있는 중이니까…{n}모처럼 D계획이 재밌어지려던{n}참이었는데…
509:0154	어이ー! {6:3}!{n}바닷속에 있으면 들어라! 여기에{n}네가 좋아하는 비라니움이 있다고!!{2}{7}이 섬 깊숙한 지하 광산에는 말이지,{n}이것의 몇천 배나 되는 비라니움이 잠들어 있어.{n}어때. 우리한테 협력해 준다면{n}널 동료로 삼아 줘도 좋다고!	어이ー! {6:3}!{n}바다 속에 있으면 들어라! 여기에{n}네가 좋아하는 비라니움이 있다고!!{2}{7}이 섬 깊숙한 지하 광산에는 말이지,{n}이것의 몇천 배나 되는 비라니움이 잠들어 있어.{n}어때. 우리한테 협력해 준다면{n}널 동료로 삼아 줘도 좋다고!
509:0157	자동항로장치로 어찌어찌{n}제일러스 섬까지는 도착했지만…{n}왠지 꺼림칙한 분위기인데…{n}게다가 악의 냄새가 풀풀 풍기는군	자동항로장치로 어찌어찌{n}제이라즈 섬까지는 도착했지만…{n}왠지 꺼림칙한 분위기인데…{n}게다가 악의 냄새가 풀풀 풍기는군
509:0208	킬밸리는 이 마을 비상구로 갈 수 있다.{n}열쇠는 열어 뒀으니까 나머지는…{n}부탁한다, {6:2}·야	킬밸리는 이 마을 비상구로 갈 수 있다.{n}열쇠는 열어 놓았으니까 나머지는…{n}부탁한다, {6:2}·야
509:0241	삐삐삐 최후통첩이다!{n}{6:30}, 대답이 없다면{n}이걸 마지막 통신으로 하겠다!	삐삐삐 마지막 경고다!{n}{6:30}, 대답이 없다면{n}이걸 마지막 통신으로 하겠다!
509:0259	그렇게 간단하게는 안 되지!{n}각오해라, {6:3} 얍ー!!	그렇게 간단하게는 안 되지!{n}각오해라, {6:3} 이야ー!!
509:0268	펜스가{n}억지로 뜯겨 열려 있다	울타리가{n}억지로 뜯겨 열려 있다
509:0327	여덟 번째 도전자는…{n}{6:9}·라파엘·랑큐프스키	8번째 도전자는…{n}{6:9}·라파엘·랑큐프스키
509:0333	빰빠밤ー!!{n}지금 이곳에서 J1 그랑프리 우승의{n}영예를 기리자!	빠바밤ー!!{n}지금 이곳에서 J1 그랑프리 우승의{n}영예를 기리자!
509:0339	그런데 챔피언한테{n}상은 있는 거냐	그런데 우승자한테{n}상은 있는 거냐
509:0344	아아, 목숨을 건졌어…{n}고맙수, 헌터 양반…{n}…죽은 놈들은 운이 나빴던 거지…	아아, 목숨을 건졌어…{n}고맙수, 헌터 양반…{n}…죽은 놈들은 운이 없었던 거지…
509:0357	대장님!{n}제이시티 및 센터 야드{n}이상 없습니다!	대장님!{n}제이시티와 센터 야드{n}이상 없습니다!
509:0359	A1부터 A4, B1부터 B4{n}시티에 야드가 사라졌다고…{n}이봐, {6:3}의 이동력은 어느 정도지?{n}아는 사람 있나?{2}{7}자칫하면 섬 내부까지{n}체크해야 할지도 몰라…{n}이 비상사태에 JLO 놈들이{n}무슨 짓이라도 저지르지 않으면 좋겠는데…	A1부터 A4, B1부터 B4{n}시티에 야드가 사라졌다고…{n}이봐, {6:3}의 이동력은 어느 정도지?{n}아는 사람 있나?{2}{7}잘못하면 섬 내부까지{n}체크해야 할지도 몰라…{n}이 비상사태에 JLO 놈들이{n}무슨 짓이라도 저지르지 않으면 좋겠는데…
509:0376	「제이라즈 감옥 입구」{n}낙서가 되어 있습니다.{n}「긁어 부스럼」	「제이라즈 감옥 입구」{n}낙서가 되어 있습니다.{n}「괜히 건드리면 탈 난다」
509:0393	기다려！ 네가 바로 {6:2}・야아,{n}캡처한 자의 특수능력을 쓴다는{n}현상금 사냥꾼이로군！{2}{7}하지만 이런 늙은이를 캡처해 봤자{n}기껏해야 귀가 어두워지는 게 고작일 게다！{2}{7}{6:55}의 흉내를 낸 거라면{n}꼭 닮았겠지？ 뭐, 전혀？{n}흥！ 그럴 줄 알았다！	기다려！ 네가 바로 {6:2}・야아,{n}캡처한 자의 특수능력을 쓴다는{n}현상금 사냥꾼이로군！{2}{7}하지만 이런 노인을 캡처해 봤자{n}기껏해야 귀가 어두워지는 게 고작일 게다！{2}{7}{6:55}의 흉내를 낸 거라면{n}똑 닮았겠지？ 뭐, 전혀？{n}흥！ 그럴 줄 알았다！
509:0401	내가 아까 순찰을 돌고 있을 때{n}뭔가 초록색으로 빛나는 섬뜩한 게{n}보였어。{2}{7}나는 순간적으로 물건 뒤에 숨었어。{n}왜냐면 그게 내가 꿈에서 본 괴물이랑{n}똑 닮았거든。{2}{7}한동안 떨고 있었는데{n}아무 일도 일어나지 않았어。 용기를 내서{n}눈을 떴더니 이미 거기엔 아무것도 없었어。{n}그건… 환상이었던 걸까	내가 아까 순찰을 돌고 있을 때{n}뭔가 초록색으로 빛나는 섬뜩한 게{n}보였어。{2}{7}나는 순간적으로 물건 뒤에 숨었어。{n}왜냐면 그게 내가 꿈에서 본 괴물이랑{n}똑 닮았거든。{2}{7}한동안 떨고 있었는데{n}아무 일도 일어나지 않았어。 용기를 내서{n}눈을 뜨니 이미 거기엔 아무것도 없었어。{n}그건… 환상이었던 걸까
509:0402	제기랄, 또 고장 났어！{n}고쳐도 고쳐도 고쳐도{n}다른 데가 고장 난다고！{n}이제 싫어！ 으아앙！{2}{7}채굴장에 갈 거면 4호 게이트를 마음대로{n}써도 돼！ 스위치는 휴게 오두막 안에 있어！{n}…라고 하려다 아차, 그것도{n}고장 나 있었지！ 으에엥！	제기랄, 또 고장 났어！{n}고쳐도 고쳐도 고쳐도{n}다른 데가 고장 난다고！{n}이제 싫어！ 으아앙！{2}{7}채굴장에 갈 거면 4호 게이트를 마음대로{n}써도 돼！ 스위치는 휴게 오두막 안에 있어！{n}…라고 하려다 아차, 그것도{n}고장 나 있었지！ 으아앙！
517:0144	…제이라즈 섬에는{n}안 좋은 소문도 있어。{n}말썽에 휘말리지 않으면 좋겠는데…	…제이라즈 섬에는{n}안 좋은 소문도 있어。{n}문제에 휘말리지 않으면 좋겠는데…
517:0174	그치만 그놈들은{n}갇혀 있잖아？	그치만 그놈들은{n}잡혀 있잖아？
517:0219	괘…… 괜찮아	괜…… 괜찮아
517:0231	……아…… 알았어……{n}바운티 팀이 제일러스 섬에{n}상륙했어	……아…… 알았어……{n}바운티 팀이 제이라즈 섬에{n}상륙했어
517:0252	그래!! 그곳에서 네 인생이{n}두 갈래로 나뉜 거야.{2}{7}그때 장미가 얼굴에 맞지 않아서{n}{6:43}에게 검을 내리친 네가{n}지금 동시에 존재하고 있는 거야!	그래!! 그곳에서 네 인생이{n}두 갈래로 갈라진 거야.{2}{7}그때 장미가 얼굴에 맞지 않아서{n}{6:43}에게 검을 내리친 네가{n}지금 동시에 존재하고 있는 거야!
517:0255	우물쭈물하고 있을 수 없어{n}카이저! 다들 어디로 나를{n}찾으러 간 거야?	망설이고 있을 수 없어{n}카이저! 다들 어디로 나를{n}찾으러 간 거야?
517:0299	안녕, {6:16}……{n}네 아름다운 피를, 새로운 세계를 위해{n}쓰도록 할게	잘 가, {6:16}……{n}네 아름다운 피를, 새로운 세계를 위해{n}쓰도록 할게
517:0313	처음 뵙겠습니다	만나서 반갑습니다
517:0371	차원 질서가 미쳐 돌아가기 시작했어……{n}우리 말고도 다른 차원의 {6:2}・야ー도{n}섞여 들어왔어……	차원 질서가 미쳐 돌아가기 시작했어……{n}우리 말고도 다른 차원의 {6:2}・야ー도{n}같이 들어왔어……
517:0381	가냘픈 미소녀의 피는{n}내 젊음을 영원히 지켜 줄 거야{n}오호호홋	연약한 미소녀의 피는{n}내 젊음을 영원히 지켜 줄 거야{n}오호호홋
517:0400	{6:13}…… 이 꼬맹이는{n}내가 처리하겠다. 비켜 있어	{6:13}…… 이 꼬마는{n}내가 처리하겠다. 비켜 있어
517:0410	차원 충돌이다…… 두 개의 세계가{n}이 섬을 접점으로 부딪치고 있어!{n}엄청난 에너지가 해방될 거야……{n}지금 당장이라도 섬이 날아갈 것 같아!	차원 충돌이다…… 두 개의 세계가{n}이 섬을 접점으로 충돌하고 있어!{n}엄청난 에너지가 해방될 거야……{n}지금 당장이라도 섬이 날아갈 것 같아!
517:0513	차원 충돌이 이 섬을 중심으로 한 공간에{n}엄청난 스트레스를 가하고 있다……{n}제일러스 섬은 오래 못 버틴다{2}{7}{6:60}는 자기 혼자만{n}이 섬에서 도망쳐서 너를 지우려는 속셈이다{n}항구로 가자! 그놈을 놓치지 마라!	차원 충돌이 이 섬을 중심으로 한 공간에{n}엄청난 스트레스를 가하고 있다……{n}제이라즈 섬은 오래 못 버틴다{2}{7}{6:60}는 자기 혼자만{n}이 섬에서 도망쳐서 너를 지우려는 속셈이다{n}항구로 가자! 그놈을 놓치지 마라!
sys:0090	우다 노트	우다노트
