용어	줄	표기(줄 수)	예
オレ	291	?(266) / 오히려(5) / 오지(4) / 오늘(4) / 우오오(3) / 오르려(2) / 오줌(2) / 오(2) / 증오하(1) / 우오(1) / 오라드(1)	오히려=507:0107 우오오=507:0223 오지=507:0243 증오하=507:0253 오늘=507:0802 오르려=507:0914 오줌=507:0915 오=508:1172 우오=509:0231 오라드=517:0198
ラビアン	85	라비안(79) / 라비안국에서밖(2) / 라비안식(1) / 라비안국(1) / 라비안어다(1) / 라비안에서(1)	라비안=507:0066 라비안식=508:0459 라비안국=508:0610 라비안어다=508:0869 라비안국에서밖=508:1025 라비안에서=sys:0129
ビラニウム	68	비라니움(63) / ?(4) / 비라니움이(1)	비라니움=507:0068 비라니움이=509:0298
カギ	68	?(63) / 기묘한(2) / 여기(1) / 광기(1) / 저기(1)	여기=507:0550 광기=508:0295 저기=508:1026 기묘한=sys:0138
ウーダノート	65	우다노트(41) / 우다(19) / 우다노트겠지(1) / 우다노트라면(1) / 우다노트에(1) / 우다노트지(1) / 우다노트라고(1)	우다노트=507:0075 우다=507:0749 우다노트겠지=508:0513 우다노트라면=508:0530 우다노트에=508:0572 우다노트지=508:0928 우다노트라고=508:1165
・ヤー	60	?(25) / ・야(15) / ・야다(7) / 으(3) / 야(3) / 이야기(2) / 앞으로(1) / 그야말(1) / ・야인(1) / 야인(1) / 야냐(1)	・야=507:0108 앞으로=507:0251 으=507:0410 ・야다=507:0514 야=507:0610 이야기=507:0776 그야말=507:0881 ・야인=508:0193 야인=509:0159 야냐=509:0190
バカ	26	바보(16) / ?(8) / 바보네(1) / 카본(1)	바보=507:0225 바보네=508:0501 카본=509:0296
バラ	25	?(20) / 라비안(4) / 라진(1)	라진=507:0328 라비안=507:0588
ドア	23	?(19) / 아까(3) / 쫓아라(1)	쫓아라=507:0242 아까=507:0849
ハンター	21	?(14) / 은(4) / 하(3)	하=507:0836 은=507:0866
テロ	16	테러(12) / 테러에(2) / 테러요(2)	테러=507:0188 테러에=507:0193 테러요=508:0234
ジェイシティ	16	제이시티(12) / 제이시티로(2) / 제이시티만이라면(1) / 제이시티에(1)	제이시티만이라면=507:0211 제이시티=507:0429 제이시티로=507:0911 제이시티에=509:0418
ウーダ	14	우다(13) / 우다니(1)	우다=507:0075 우다니=507:0803
アジト	12	아지트(11) / 아지트다(1)	아지트=507:0198 아지트다=507:0300
ブルーローズ	11	블루로즈(6) / 로즈(4) / 블루로즈잖(1)	로즈=507:0701 블루로즈=508:0404 블루로즈잖=508:0964
チッソ	9	질소(8) / 서치(1)	서치=507:0427 질소=507:0477
ボス	8	보스(4) / 보스인(2) / 보스다(1) / 보스인데(1)	보스인=507:0492 보스=507:0617 보스다=508:0586 보스인데=509:0201
オラード	8	오라드(4) / 오라(4)	오라드=508:1151 오라=517:0493
メタモルフォーゼ	7	메타모르포제라(4) / 메타모르포제하(2) / 메타모르포제(1)	메타모르포제라=507:0068 메타모르포제하=507:0147 메타모르포제=507:0795
キー	7	같으면(4) / 방향키(3)	같으면=507:0086 방향키=507:0999
シャバ	7	・야(4) / ?(2) / 다시(1)	・야=507:0108 다시=509:0314
イヌ	7	?(4) / 이미(2) / 지껄이(1)	지껄이=507:0293 이미=507:0385
ヘイ	7	헤(4) / 이(3)	이=507:0232 헤=507:0379
ビラン	6	F비(4) / 비(1) / 비란(1)	F비=507:0020 비=sys:0003 비란=sys:0125
イヤ	6	?(2) / 이제(2) / 꿈이(1) / 놈이(1)	이제=508:1082 꿈이=508:1128 놈이=509:0213
パワー	6	파(2) / 파워(2) / ?(2)	파=507:0955 파워=508:0278
ムダ	5	게다(2) / 아무리(1) / 아무래(1) / 다르다(1)	게다=507:0135 아무리=507:0209 아무래=508:0268 다르다=508:0377
・・・ブルーローズ	5	로즈다(3) / 블루로즈(1) / 로즈(1)	로즈다=507:0150 블루로즈=507:0321 로즈=507:0849
・・・ビラニウム	5	비라니움이(2) / 비라니움(2) / 비라니움인(1)	비라니움이=507:0191 비라니움=507:0430 비라니움인=508:0489
ミイラ	5	미라(4) / 미라다(1)	미라다=507:0736 미라=507:0915
デスゲート	5	데스게이트라고(2) / 데스게이트(2) / 데스(1)	데스게이트라고=507:0912 데스게이트=507:0913 데스=517:0479
タイプ	5	타입(2) / 타입이군(1) / 이건(1) / 타입이(1)	타입=507:0918 타입이군=508:0436 이건=508:0605 타입이=508:1124
ウガガー	4	?(2) / 우가가(1) / 우가(1)	우가가=517:0474 우가=517:0477
ママ	4	마라(2) / 엄마(2)	마라=508:0994 엄마=508:0999
ザコ	3	살자(2) / 가자(1)	살자=507:0134 가자=507:0262
セマ・シルビア・	3	세마・실비아・(2) / 세마(1)	세마・실비아・=507:0335 세마=517:0315
チーミー	3	치미(2) / 치(1)	치미=507:0386 치=517:0477
ラビアンソード	3	라비안(2) / 라비안소드(1)	라비안=507:0587 라비안소드=508:0563
ビラ	3	비라뭐시기(2) / 비라(1)	비라=507:0969 비라뭐시기=508:1084
ダマ	3	왔다(1) / 있다고(1) / 있다(1)	왔다=508:0264 있다고=508:0272 있다=508:0285
・シュマイザー	3	슈마이저(2) / ・슈마이저(1)	슈마이저=508:1151 ・슈마이저=517:0498
ダークサイド	3	사이드(2) / 사이드일(1)	사이드일=517:0244 사이드=517:0245
マジョルナ	2	마졸나(1) / 마지막(1)	마졸나=507:0564 마지막=507:0795
ウ・・・ウーダノート	2	우다노트(1) / 우다(1)	우다노트=507:0647 우다=507:0755
モルゴエミダ・ギガンテア	2	모르고에미다・기간테아(1) / 모르고에미다・기간테(1)	모르고에미다・기간테아=507:0822 모르고에미다・기간테=507:0824
ワザ	2	자(1) / 남자(1)	자=507:0881 남자=508:1054
・・・ウーダノート	2	우다노트(1) / 우다(1)	우다노트=508:0157 우다=508:0592
バイオモンスター	2	바이오몬스터(1) / 바이오(1)	바이오몬스터=508:0251 바이오=509:0214
アクトゥロス	2	아크토로스티마(1) / 아크투로스(1)	아크토로스티마=508:0867 아크투로스=517:0329
