ID	고른 판	전	후
507:0000	508:0000	{13}스네이크버드{n}와 상담한다	{13}스네이크버드와{n}상담한다
509:0000	508:0000	{13}스네이크버드{n}와 상담한다	{13}스네이크버드와{n}상담한다
517:0000	508:0000	{13}스네이크버드{n}와 상담한다	{13}스네이크버드와{n}상담한다
509:0002	508:0002	{13}아이템을{n}갖고 있지 않습니다	{13}아이템을{n}가지고 있지 않습니다
507:0003	508:0003	{13}HP를 50{n}회복합니다{n}20포인트{n}소비합니다	{13}HP를 50{n}회복합니다{n}20포인트를{n}소비합니다
509:0003	508:0003	{13}HP를 50{n}회복합니다{n}20포인트{n}소비합니다	{13}HP를 50{n}회복합니다{n}20포인트를{n}소비합니다
517:0003	508:0003	{13}HP를 50{n}회복합니다{n}20포인트{n}소비합니다	{13}HP를 50{n}회복합니다{n}20포인트를{n}소비합니다
509:0004	508:0004	{13}쟈크에게{n}힌트를 묻습니다	{13}잭에게{n}힌트를 묻습니다
517:0004	508:0004	{13}쟈크에게{n}힌트를 묻습니다	{13}잭에게{n}힌트를 묻습니다
507:0005	508:0005	{13}최대 HP를{n}10 늘립니다{n}{9:0}포인트{n}소비합니다	{13}최대 HP를{n}10 늘립니다{n}{9:0}포인트를{n}소비합니다
509:0005	508:0005	{13}최대 HP를{n}10 늘립니다{n}{9:0}포인트{n}소비합니다	{13}최대 HP를{n}10 늘립니다{n}{9:0}포인트를{n}소비합니다
517:0005	508:0005	{13}최대 HP를{n}10 늘립니다{n}{9:0}포인트{n}소비합니다	{13}최대 HP를{n}10 늘립니다{n}{9:0}포인트를{n}소비합니다
507:0007	508:0007	{13}HP를 50{n}회복합니다{n}20포인트{n}필요합니다	{13}HP를 50{n}회복합니다{n}20포인트가{n}필요합니다
509:0007	508:0007	{13}HP를 50{n}회복합니다{n}20포인트{n}필요합니다	{13}HP를 50{n}회복합니다{n}20포인트가{n}필요합니다
517:0007	508:0007	{13}HP를 50{n}회복합니다{n}20포인트{n}필요합니다	{13}HP를 50{n}회복합니다{n}20포인트가{n}필요합니다
507:0008	508:0008	{13}최대 HP를{n}10 늘립니다{n}{9:0}포인트{n}필요합니다	{13}최대 HP를{n}10 늘립니다{n}{9:0}포인트가{n}필요합니다
509:0008	508:0008	{13}최대 HP를{n}10 늘립니다{n}{9:0}포인트{n}필요합니다	{13}최대 HP를{n}10 늘립니다{n}{9:0}포인트가{n}필요합니다
517:0008	508:0008	{13}최대 HP를{n}10 늘립니다{n}{9:0}포인트{n}필요합니다	{13}최대 HP를{n}10 늘립니다{n}{9:0}포인트가{n}필요합니다
507:0009	508:0009	{13}최대 HP는{n}더 이상{n}늘지 않습니다	{13}최대 HP는{n}더 이상은{n}늘어나지 않습니다
517:0009	508:0009	{13}최대 HP는{n}더 이상{n}늘지 않습니다	{13}최대 HP는{n}더 이상은{n}늘어나지 않습니다
507:0011	508:0011	{13}가짜 아이템	{13}페이크 아이템
509:0011	508:0011	{13}가짜 아이템	{13}페이크 아이템
517:0011	508:0011	{13}가짜 아이템	{13}페이크 아이템
507:0012	508:0012	담배 {9:2}개와	시가렛 {9:2}개와
509:0012	508:0012	담배 {9:2}개와	시가렛 {9:2}개와
507:0013	508:0013	술병 {9:3}개와	보틀 {9:3}개와
507:0014	508:0014	{n}술병 {9:3}개와 담배 {9:2}개로	{n}보틀 {9:3}개와 시가렛 {9:2}개로
509:0014	508:0014	{n}보틀 {9:3}개와 담배 {9:2}개로	{n}보틀 {9:3}개와 시가렛 {9:2}개로
507:0015	508:0015	탄창 {9:4}개와	매거진 {9:4}개와
507:0016	508:0016	{n}탄창 {9:4}개와 담배 {9:2}개로	{n}매거진 {9:4}개와 시가렛 {9:2}개로
509:0016	508:0016	{n}매거진 {9:4}개와 담배 {9:2}개로	{n}매거진 {9:4}개와 시가렛 {9:2}개로
507:0017	508:0017	{n}탄창 {9:4}개와 술병 {9:3}개로	{n}매거진 {9:4}개와 보틀 {9:3}개로
507:0018	508:0018	탄창 {9:4}개와{n}술병 {9:3}개와 담배 {9:2}개로	매거진 {9:4}개와{n}보틀 {9:3}개와 시가렛 {9:2}개로
509:0018	508:0018	매거진 {9:4}개와{n}보틀 {9:3}개와 담배 {9:2}개로	매거진 {9:4}개와{n}보틀 {9:3}개와 시가렛 {9:2}개로
507:0019	508:0019	{13}  류・야{n}외톨이{n}바운티헌{n}터。 균형 잡힌{n}능력으로{n}약점이 없다고{n}일컬어진다。	{13}  류・야{n}외톨이 늑대인{n}바운티 헌터.{n}균형 잡힌{n}능력으로{n}약점이 없다고{n}일컬어진다.
509:0019	508:0019	{13}  류 야{n}외톨이 늑대형{n}바운티 헌{n}터. 균형 잡힌{n}능력으로{n}약점이 없다고{n}일컬어진다.	{13}  류・야{n}외톨이 늑대인{n}바운티 헌터.{n}균형 잡힌{n}능력으로{n}약점이 없다고{n}일컬어진다.
517:0019	508:0019	{13}  류・야아{n}외톨이 늑대형{n}현상금 사냥{n}꾼。 균형 잡힌{n}능력으로{n}약점이 없다고{n}알려져 있다。	{13}  류・야{n}외톨이 늑대인{n}바운티 헌터.{n}균형 잡힌{n}능력으로{n}약점이 없다고{n}일컬어진다.
507:0020	508:0020	{13} F 비란	{13} F비란
509:0022	508:0022	{13}  당크	{13}  덩크
517:0022	508:0022	{13}  당크	{13}  덩크
507:0023	508:0023	{13}  바이오스{n}가 누구지？	{13}  바이오스{n}가 누구야?
517:0023	508:0023	{13}  바이오스{n}가 누구야？	{13}  바이오스{n}가 누구야?
507:0024	508:0024	{13}  닥터{n}가 누구지？	{13}  닥터{n}가 누구야?
517:0024	508:0024	{13}  닥터{n}가 누구야？	{13}  닥터{n}가 누구야?
507:0025	508:0025	{13}  프라이데이{n}가 누구지？	{13}  프라이데이{n}가 누구야?
517:0025	508:0025	{13}  프라이데이{n}가 누구야？	{13}  프라이데이{n}가 누구야?
507:0027	508:0027	{12}백업이 가득 찼으므로{n}세이브하지 않습니다	{12}백업이 가득 찼으므로{n}세이브는 하지 않습니다
509:0027	508:0027	{12}백업이 가득 차서{n}세이브하지 않습니다	{12}백업이 가득 찼으므로{n}세이브는 하지 않습니다
517:0027	508:0027	{12}백업이 가득 찼으므로{n}세이브하지 않습니다	{12}백업이 가득 찼으므로{n}세이브는 하지 않습니다
508:0028	507:0028	{3:0}을 손에 넣었다	{3:0}을(를) 손에 넣었다
509:0028	507:0028	{3:0}를 손에 넣었다	{3:0}을(를) 손에 넣었다
508:0029	507:0029	{3:0}을 사용했다.	{3:0}을(를) 사용했다。
509:0029	507:0029	{3:0}를 사용했다.	{3:0}을(를) 사용했다。
508:0030	507:0030	{3:0}을 사용했다.{n}하지만 아무 일도 일어나지 않았다.	{3:0}을(를) 사용했다。{n}하지만 아무 일도 일어나지 않았다。
509:0030	507:0030	{3:0}를 사용했다.{n}그러나 아무 일도 일어나지 않았다.	{3:0}을(를) 사용했다。{n}하지만 아무 일도 일어나지 않았다。
508:0031	507:0031	{3:0}을 먹었다.	{3:0}을(를) 먹었다。
509:0031	507:0031	{3:0}를 먹었다.	{3:0}을(를) 먹었다。
508:0032	507:0032	{3:0}은{n}지금은 사용할 수 없다.	{3:0}은(는){n}지금은 사용할 수 없다。
509:0032	507:0032	{3:0}는{n}지금은 사용할 수 없다.	{3:0}은(는){n}지금은 사용할 수 없다。
507:0033	508:0033	캡처한 자의 능력을 사용하겠는가？	캡처한 자의 능력을 사용할까?
509:0033	508:0033	포획한 자의 능력을 사용하겠습니까?	캡처한 자의 능력을 사용할까?
517:0033	508:0033	캡처한 자의 능력을 사용하겠는가？	캡처한 자의 능력을 사용할까?
507:0034	508:0034	…괜찮은가？{n}내가 구해줬으니까{n}바운티헌터의 규칙에 따라{n}20포인트 받아가겠다	…괜찮아?{n}내가 구해줬으니까{n}바운티 헌터의 규칙에 따라{n}20포인트 받겠다
509:0034	508:0034	…괜찮아?{n}내가 구해줬으니까{n}바운티 헌터의 규칙에 따라{n}20포인트 받아가겠어	…괜찮아?{n}내가 구해줬으니까{n}바운티 헌터의 규칙에 따라{n}20포인트 받겠다
517:0034	508:0034	…괜찮냐？{n}내가 구해 줬으니까{n}현상금 사냥꾼의 규칙에 따라{n}20포인트 받아 가겠어	…괜찮아?{n}내가 구해줬으니까{n}바운티 헌터의 규칙에 따라{n}20포인트 받겠다
507:0035	508:0035	남은 건 {9:1}포인트다。{n}힘내라고	남은 건 {9:1}포인트다.{n}힘내줘
509:0035	508:0035	남은 건 {9:1}포인트다.{n}힘내라고	남은 건 {9:1}포인트다.{n}힘내줘
517:0035	508:0035	남은 건 {9:1}포인트다。{n}힘내 줘	남은 건 {9:1}포인트다.{n}힘내줘
507:0036	508:0036	남은 건 {9:1}포인트다。{n}더는 못 구해준다。 다음에{n}실패하면 카이저가 있는 곳부터{n}다시 시작이다。 제발 좀 부탁한다	남은 건 {9:1}포인트다.{n}이제 더는 못 구해줘. 다음에{n}실패하면 카이저 쪽에서{n}다시 시작이야. 제발 부탁한다 정말로
509:0036	508:0036	남은 건 {9:1}포인트다.{n}이제 더는 못 구해줘. 다음에{n}실패하면 카이저한테서부터{n}다시 시작이다. 부탁 좀 하자고	남은 건 {9:1}포인트다.{n}이제 더는 못 구해줘. 다음에{n}실패하면 카이저 쪽에서{n}다시 시작이야. 제발 부탁한다 정말로
517:0036	508:0036	남은 건 {9:1}포인트다。{n}더는 구해 줄 수 없어。 다음에{n}실패하면 카이저가 있는 곳부터{n}다시 시작이다。 제발 좀 부탁해	남은 건 {9:1}포인트다.{n}이제 더는 못 구해줘. 다음에{n}실패하면 카이저 쪽에서{n}다시 시작이야. 제발 부탁한다 정말로
507:0037	508:0037	{3:0}라면 {16}{n}로 교환해주겠지만, 너 많이 갖고 있잖아{n}부족해지면 또 오라고	{3:0}라면 {16}{n}교환해 줄 건데 당신 많이 가지고 있잖아{n}부족해지면 또 오라고
509:0037	508:0037	{3:0}라면 {16}로{n}교환해 줄게, 근데 너 많이 갖고 있잖아{n}모자라지면 또 와	{3:0}라면 {16}{n}교환해 줄 건데 당신 많이 가지고 있잖아{n}부족해지면 또 오라고
517:0037	508:0037	{3:0}라면 {16}{n}교환해 주겠는데, 당신 잔뜩 가지고 있잖아{n}모자라면 또 와	{3:0}라면 {16}{n}교환해 줄 건데 당신 많이 가지고 있잖아{n}부족해지면 또 오라고
507:0038	508:0038	{3:0}라면 {16}{n}로 교환해주겠지만, 안 갖고 있는 것 같은데…{n}뭐, 주머니 사정이 좋아지면 또 오라고	{3:0}라면 {16}{n}교환해 줄 건데 안 가지고 있는 것 같네…{n}뭐 주머니 사정 좋아지면 또 와
509:0038	508:0038	{3:0}라면 {16}로{n}교환해 줄게, 근데 안 갖고 있는 것 같네…{n}뭐, 주머니 사정 좋아지면 또 와	{3:0}라면 {16}{n}교환해 줄 건데 안 가지고 있는 것 같네…{n}뭐 주머니 사정 좋아지면 또 와
517:0038	508:0038	{3:0}라면 {16}{n}교환해 주겠는데, 안 가지고 있는 것 같네…{n}뭐, 주머니 사정이 좀 나아지면 또 와	{3:0}라면 {16}{n}교환해 줄 건데 안 가지고 있는 것 같네…{n}뭐 주머니 사정 좋아지면 또 와
507:0039	508:0039	{3:0}라면 {16}{n}로 교환해줄게。 어때？	{3:0}라면 {16}{n}교환해 줄게 어때?
509:0039	508:0039	{3:0}라면 {16}로{n}교환해 줄게, 어때?	{3:0}라면 {16}{n}교환해 줄게 어때?
517:0039	508:0039	{3:0}라면 {16}{n}교환해 줄게, 어때？	{3:0}라면 {16}{n}교환해 줄게 어때?
507:0040	508:0040	{3:0}라면 {16}{n}로 교환해주겠지만, 안 갖고 있는 것 같은데…	{3:0}라면 {16}{n}교환해 줄 건데 안 가지고 있는 것 같네…
509:0040	508:0040	{3:0}라면 {16}로{n}교환해 줄게, 근데 안 갖고 있는 것 같네…	{3:0}라면 {16}{n}교환해 줄 건데 안 가지고 있는 것 같네…
517:0040	508:0040	{3:0}라면 {16}{n}교환해 주겠는데, 안 가지고 있는 것 같네…	{3:0}라면 {16}{n}교환해 줄 건데 안 가지고 있는 것 같네…
507:0041	508:0041	그럼 {16}{n}로 교환해줄게。 어때？	그럼 {16}{n}교환해 줄게 어때?
509:0041	508:0041	그럼 {16}로{n}교환해 줄게, 어때?	그럼 {16}{n}교환해 줄게 어때?
517:0041	508:0041	그럼 {16}{n}교환해 줄게, 어때？	그럼 {16}{n}교환해 줄게 어때?
507:0042	508:0042	자, 여기。 매번 고마워！	자 여기 또 오세요!
509:0042	508:0042	자 여기, 늘 고마워!	자 여기 또 오세요!
517:0042	508:0042	자, 여기。 매번 고마워！	자 여기 또 오세요!
508:0043	507:0043	{3:0}을 손에 넣었다	{3:0}을(를) 손에 넣었다
509:0043	507:0043	{3:0}를 손에 넣었다	{3:0}을(를) 손에 넣었다
508:0044	507:0044	더 {3:0}을 원해?	더 {3:0}을(를) 원하나？
509:0044	507:0044	더 {3:0}를 원하니?	더 {3:0}을(를) 원하나？
517:0044	507:0044	더 {3:0}을(를) 갖고 싶어？	더 {3:0}을(를) 원하나？
507:0045	508:0045	손에 넣은 무기는{n}제대로 장비하라고。 알았지？	손에 넣은 무기는{n}제대로 장비하는 거야 알았지?
509:0045	508:0045	손에 넣은 무기는{n}제대로 장비하는 거야, 알겠지?	손에 넣은 무기는{n}제대로 장비하는 거야 알았지?
517:0045	508:0045	손에 넣은 무기는{n}제대로 장비하는 거야, 알았지？	손에 넣은 무기는{n}제대로 장비하는 거야 알았지?
507:0046	508:0046	어머, 그래？{n}뭐, 마음이 바뀌면 또 오렴, 꼬마야	어머 그래?{n}뭐 마음이 바뀌면 또 와 꼬마야
509:0046	508:0046	어머 그래?{n}뭐, 마음이 바뀌면 또 와, 꼬마야	어머 그래?{n}뭐 마음이 바뀌면 또 와 꼬마야
517:0046	508:0046	어머, 그래？{n}뭐, 마음이 바뀌면 또 와, 꼬마야	어머 그래?{n}뭐 마음이 바뀌면 또 와 꼬마야
507:0047	508:0047	나는 카이저。{n}스네이크버드의 팀 리더다。{n}너희들의 임무 보고를 당국에 보낸다	나는 카이저.{n}스네이크버드의 팀 리더다.{n}너희들 일의 보고를 당국에 보낸다
509:0047	508:0047	나는 카이저.{n}스네이크버드의 팀 리더다.{n}너희들의 임무 보고를 당국에 보낸다	나는 카이저.{n}스네이크버드의 팀 리더다.{n}너희들 일의 보고를 당국에 보낸다
517:0047	508:0047	나는 카이저。{n}스네이크버드의 팀 리더다。{n}너희들의 일 보고를 당국에 보낸다	나는 카이저.{n}스네이크버드의 팀 리더다.{n}너희들 일의 보고를 당국에 보낸다
507:0048	508:0048	뭐가 팀 리더야。{n}결국 우리 감시역이잖아	뭐가 팀 리더야.{n}결국 감시잖아 우리를
509:0048	508:0048	뭐가 팀 리더야.{n}결국 감시잖아, 우리를	뭐가 팀 리더야.{n}결국 감시잖아 우리를
517:0048	508:0048	뭐가 팀 리더야。{n}요컨대 우리 감시역이잖아	뭐가 팀 리더야.{n}결국 감시잖아 우리를
507:0049	508:0049	지껄여라 {6:12}{n}너희 낙오자들의{n}앞날을 지켜봐 주마	지껄여라 {6:12}{n}너희들 낙오자들의{n}앞날을 지켜봐 주마
509:0049	508:0049	지껄여라 {6:12}{n}너희 낙오자들의{n}말로를 지켜봐 주지	지껄여라 {6:12}{n}너희들 낙오자들의{n}앞날을 지켜봐 주마
517:0049	508:0049	지껄여라, {6:12}{n}너희 낙오자들의{n}말로를 지켜봐 주마	지껄여라 {6:12}{n}너희들 낙오자들의{n}앞날을 지켜봐 주마
507:0050	508:0050	당국은 너희에게 기대하지 않는다。{n}뭐, 어디 열심히 해봐라	당국은 너희들에게 기대하지 않는다.{n}뭐 그래도 열심히 해봐라
509:0050	508:0050	당국은 너희에게 기대하지 않는다.{n}뭐, 어디 열심히 해 봐라	당국은 너희들에게 기대하지 않는다.{n}뭐 그래도 열심히 해봐라
517:0050	508:0050	당국은 너희들에게 기대하지 않는다。{n}뭐, 어디 열심히 해 봐라	당국은 너희들에게 기대하지 않는다.{n}뭐 그래도 열심히 해봐라
507:0051	508:0051	당국에 보고를 보내겠는가？	당국에 보고를 보낼까?
509:0051	508:0051	당국에 보고를 보내겠습니까?	당국에 보고를 보낼까?
517:0051	508:0051	당국에 보고를 보내겠는가？	당국에 보고를 보낼까?
507:0052	508:0052	알았다。 보고는 보내 두지{n}실수하지 말라고	알았다 보고는 보내두지{n}실수하지 마라
509:0052	508:0052	알았어, 보고는 보내 둘게{n}실수하지 마	알았다 보고는 보내두지{n}실수하지 마라
517:0052	508:0052	알았다, 보고는 보내 두겠다{n}실수하지 마라	알았다 보고는 보내두지{n}실수하지 마라
507:0053	508:0053	보고 안 하나？{n}꼬박꼬박 보고하지 않으면 나중에 울게 될걸{n}뭐, 난 알 바 아니지만…	보고 안 하는 거야?{n}꼬박꼬박 보고하지 않으면 나중에 울게 될 거다{n}뭐 난 알 바 아니지만…
509:0053	508:0053	보고 안 할 거야?{n}부지런히 보고 안 하면 나중에 울게 될걸{n}뭐, 난 알 바 아니지만…	보고 안 하는 거야?{n}꼬박꼬박 보고하지 않으면 나중에 울게 될 거다{n}뭐 난 알 바 아니지만…
517:0053	508:0053	보고 안 할 거냐？{n}꼬박꼬박 보고 안 하면 나중에 울게 될 거다{n}뭐, 나야 알 바 아니지만…	보고 안 하는 거야?{n}꼬박꼬박 보고하지 않으면 나중에 울게 될 거다{n}뭐 난 알 바 아니지만…
507:0055	508:0055	지금까지의 게임을 기록하시겠습니까？	여기까지의 게임을 기록하시겠습니까?
509:0055	508:0055	지금까지의 게임을 기록하시겠습니까?	여기까지의 게임을 기록하시겠습니까?
517:0055	508:0055	지금까지의 게임을 기록하시겠습니까？	여기까지의 게임을 기록하시겠습니까?
507:0057	508:0057	상처를 치료하는 대신{n}20포인트 차감해도 괜찮겠지？	상처를 치료하는 대신{n}20포인트를 빼도 되는 거지?
509:0057	508:0057	상처를 치료하는 대신{n}20포인트 빼도 되는 거지?	상처를 치료하는 대신{n}20포인트를 빼도 되는 거지?
517:0057	508:0057	상처를 치료하는 대신{n}20포인트 빼도 되는 거지？	상처를 치료하는 대신{n}20포인트를 빼도 되는 거지?
507:0058	508:0058	건강은 그 어떤 보물보다{n}소중한 것이니까	건강은 어떤 보물보다{n}소중한 거니까
517:0058	508:0058	건강은 어떤 보물보다{n}더 값진 법이니까	건강은 어떤 보물보다{n}소중한 거니까
507:0059	508:0059	그런가？ 뭐, 너무 무리는 하지 마라。{n}내가 곤란해지니까…	그런가? 뭐 너무 무리는 하지 마.{n}내가 곤란해지니까…
509:0059	508:0059	그래? 뭐, 너무 무리는 하지 마.{n}내가 곤란해지니까…	그런가? 뭐 너무 무리는 하지 마.{n}내가 곤란해지니까…
517:0059	508:0059	그래？ 뭐, 너무 무리하지는 마。{n}내가 곤란해지니까…	그런가? 뭐 너무 무리는 하지 마.{n}내가 곤란해지니까…
507:0060	508:0060	몸을 강화하는 대신{n}{9:0}포인트 차감해도 괜찮겠지？	몸을 강화하는 대신{n}{9:0}포인트를 빼도 되는 거지?
509:0060	508:0060	몸을 강화하는 대신{n}{9:0}포인트 빼도 되는 거지?	몸을 강화하는 대신{n}{9:0}포인트를 빼도 되는 거지?
517:0060	508:0060	몸을 강화하는 대신{n}{9:0}포인트 빼도 되는 거지？	몸을 강화하는 대신{n}{9:0}포인트를 빼도 되는 거지?
507:0061	508:0061	육체 강화 마법은 영원히{n}효과가 있는 건 아니지만, 뭐{n}이 섬을 나갈 때까지는 버티겠지…	육체 강화 마법은 언제까지나{n}효과가 있는 건 아니지만 뭐{n}이 섬을 나갈 때까지는 버티겠지…
509:0061	508:0061	육체 강화 마법은 영원히{n}효과가 있는 건 아니지만, 뭐{n}이 섬을 나갈 때까지는 버틸 거야…	육체 강화 마법은 언제까지나{n}효과가 있는 건 아니지만 뭐{n}이 섬을 나갈 때까지는 버티겠지…
517:0061	508:0061	육체 강화 마법은 영원히{n}효과가 있는 건 아니지만 뭐{n}이 섬을 나갈 때까지는 버틸 거야…	육체 강화 마법은 언제까지나{n}효과가 있는 건 아니지만 뭐{n}이 섬을 나갈 때까지는 버티겠지…
507:0062	508:0062	그런가？{n}나는 어느 쪽이든 상관없다고	그런가?{n}나는 어느 쪽이든 상관없어
509:0062	508:0062	그래?{n}난 어느 쪽이든 상관없어	그런가?{n}나는 어느 쪽이든 상관없어
517:0062	508:0062	그래？{n}나는 어느 쪽이든 상관없어	그런가?{n}나는 어느 쪽이든 상관없어
507:0063	508:0063	죽어 있습니다。{n}일격에 당한 듯합니다。	죽어 있습니다.{n}일격에 당한 것 같습니다.
509:0063	508:0063	죽어 있습니다.{n}한 방에 당한 모양입니다.	죽어 있습니다.{n}일격에 당한 것 같습니다.
517:0063	508:0063	죽어 있습니다。{n}일격에 당한 것 같습니다。	죽어 있습니다.{n}일격에 당한 것 같습니다.
507:0065	508:0065	나는 {6:63}。 암시장에서{n}포인트를 팔아치우는 위험한 여자。{n}당신의 소지품과 맞바꿔 포인트를{n}회복시켜 주지	나는 {6:63}. 암시장에서{n}포인트를 파는 위험한 여자야.{n}당신의 소지품과 맞바꿔 포인트를{n}회복시켜 줄게
509:0065	508:0065	나는 {6:63}. 암암리에{n}포인트를 파는 위험한 여자.{n}당신 소지품과 맞바꿔서 포인트를{n}회복시켜 줄게	나는 {6:63}. 암시장에서{n}포인트를 파는 위험한 여자야.{n}당신의 소지품과 맞바꿔 포인트를{n}회복시켜 줄게
517:0065	508:0065	나는 {6:63}。 암시장에서{n}포인트를 파는 위험한 여자야。{n}당신 소지품과 맞바꿔서 포인트를{n}회복시켜 줄게	나는 {6:63}. 암시장에서{n}포인트를 파는 위험한 여자야.{n}당신의 소지품과 맞바꿔 포인트를{n}회복시켜 줄게
508:0066	507:0066	{3:0}을 읽었다.{2}「유성이란, 대기와의 마찰로 발광하는{n}혜성의 조각이다. 다 타지 않고{n}지상에 떨어진 유성은 운석이라 불린다.{2}「아주 먼 옛날, 제이라즈 섬에{n}고대 라비안 문명이 번영하던 시절,{n}이 섬에 기묘한 운석이 떨어진{n}적이 있었다고 한다.{2}「그 아름다운 에메랄드빛 운석에는{n}신비한 성질이 있었다고 전해지지만{n}자세한 내용은 지금까지 전해지지 않는다.{2}「운석이 낙하한 지 얼마 지나지 않아{n}고대 라비안 문명은 멸망해 버렸기{n}때문이다.	{3:0}을(를) 읽었다。{2}「유성이란, 대기와의 마찰로 빛나는{n}혜성의 파편이다。 다 타지 않고{n}지상에 떨어진 유성은 운석이라 불린다。{2}「아주 먼 옛날, 제이라즈 섬에{n}고대 라비안 문명이 번영하던 시절,{n}이 섬에 기묘한 운석이 떨어진{n}적이 있었다고 한다。{2}「그 아름다운 에메랄드빛 운석에는{n}신비한 성질이 있었다고 전해지지만{n}자세한 내용은 지금까지 전해지지 않는다。{2}「운석이 떨어진 지 얼마 되지 않아{n}고대 라비안 문명은 멸망해 버렸기{n}때문이다。
509:0066	507:0066	{3:0}를 읽었다.{2}「유성이란 대기와의 마찰로 발광하는{n}혜성의 조각이다. 다 타지 않고{n}지상에 떨어진 유성은 운석이라 불린다.{2}「아주 먼 옛날, 제이라즈 섬에{n}고대 라비안 문명이 번성하던 시절,{n}이 섬에 기묘한 운석이 떨어진{n}적이 있었다고 한다.{2}「그 아름다운 에메랄드빛 운석에는{n}신비한 성질이 있었다고 전해지지만{n}자세한 내용은 지금까지 전해지지 않는다.{2}「운석이 떨어진 지 얼마 지나지 않아{n}고대 라비안 문명은 멸망해 버렸기{n}때문이다.	{3:0}을(를) 읽었다。{2}「유성이란, 대기와의 마찰로 빛나는{n}혜성의 파편이다。 다 타지 않고{n}지상에 떨어진 유성은 운석이라 불린다。{2}「아주 먼 옛날, 제이라즈 섬에{n}고대 라비안 문명이 번영하던 시절,{n}이 섬에 기묘한 운석이 떨어진{n}적이 있었다고 한다。{2}「그 아름다운 에메랄드빛 운석에는{n}신비한 성질이 있었다고 전해지지만{n}자세한 내용은 지금까지 전해지지 않는다。{2}「운석이 떨어진 지 얼마 되지 않아{n}고대 라비안 문명은 멸망해 버렸기{n}때문이다。
517:0066	507:0066	{3:0}을(를) 읽었다。{2}「유성이란, 대기와의 마찰로 발광하는{n}혜성의 조각이다。 다 타지 않고{n}지상에 떨어진 유성은 운석이라 불린다。{2}「아주 먼 옛날, 제이라즈 섬에{n}고대 라비안 문명이 번성하던 시절,{n}이 섬에 기묘한 운석이 떨어진{n}적이 있었다고 한다。{2}「그 아름다운 에메랄드빛 운석에는{n}신비한 성질이 있었다고 전해지지만{n}자세한 내용은 지금까지 전해지지 않는다。{2}「운석이 떨어진 지 얼마 되지 않아{n}고대 라비안 문명은 멸망해 버렸기{n}때문이다。	{3:0}을(를) 읽었다。{2}「유성이란, 대기와의 마찰로 빛나는{n}혜성의 파편이다。 다 타지 않고{n}지상에 떨어진 유성은 운석이라 불린다。{2}「아주 먼 옛날, 제이라즈 섬에{n}고대 라비안 문명이 번영하던 시절,{n}이 섬에 기묘한 운석이 떨어진{n}적이 있었다고 한다。{2}「그 아름다운 에메랄드빛 운석에는{n}신비한 성질이 있었다고 전해지지만{n}자세한 내용은 지금까지 전해지지 않는다。{2}「운석이 떨어진 지 얼마 되지 않아{n}고대 라비안 문명은 멸망해 버렸기{n}때문이다。
507:0067	508:0067	{3:0}을(를) 읽었다。{2}「고대 라비안 사람들은 신의 뜻에{n}맞는 삶을 살았기에, 신은{n}하늘에서 아름다운 보석을 내려주었다。 그것은{n}믿는 마음이 모여 이루어진 돌이었다。{2}「라비안의 신관들은 그 보석으로{n}더 훌륭한 것을 만들려 했지만,{n}그들의 마음속에 의심이 숨어 있었기에{n}돌은 악마로 변해버렸다。{2}「악마는 지금도 예전에 있던 하늘로{n}돌아가고 싶어 하여, 하늘에 혜성이{n}걸릴 때 그 꼬리를 붙잡고 하늘로{n}돌아가려고 높은 산에 오른다고 한다。	{3:0}을(를) 읽었다.{2}「고대 라비안 사람들은 신의 마음에{n}합당한 삶을 살았기 때문에, 신은{n}하늘에서 아름다운 보석을 내려보냈다. 그것은{n}믿는 마음이 모여서 만들어진 돌이었다.{2}「라비안의 신관들은 그 보석에서{n}더 훌륭한 것을 만들려 했지만,{n}그들의 마음속에 의심이 숨어 있었기에,{n}돌은 악마로 변해 버렸다.{2}「악마는 지금도 예전에 있던 하늘로{n}돌아가고 싶어 해서, 하늘에 혜성이{n}나타날 때, 그 꼬리를 붙잡고 하늘로{n}돌아가려고 높은 산에 오른다고 한다.
509:0067	508:0067	{3:0}를 읽었다.{2}「고대 라비안 사람들은 신의 뜻에{n}맞는 삶을 살았기에, 신은{n}하늘에서 아름다운 보석을 보냈다. 그것은{n}믿는 마음이 모여 이루어진 돌이었다.{2}「라비안의 신관들은 그 보석으로{n}더 훌륭한 것을 만들려 했지만,{n}그들의 마음속에 의심이 숨어 있었기에,{n}돌은 악마로 변해 버렸다.{2}「악마는 지금도, 예전에 있던 하늘로{n}돌아가고 싶어 하며, 하늘에 혜성이{n}걸릴 때 그 꼬리를 붙잡고 하늘로{n}돌아가려고 높은 산에 오른다고 한다.	{3:0}을(를) 읽었다.{2}「고대 라비안 사람들은 신의 마음에{n}합당한 삶을 살았기 때문에, 신은{n}하늘에서 아름다운 보석을 내려보냈다. 그것은{n}믿는 마음이 모여서 만들어진 돌이었다.{2}「라비안의 신관들은 그 보석에서{n}더 훌륭한 것을 만들려 했지만,{n}그들의 마음속에 의심이 숨어 있었기에,{n}돌은 악마로 변해 버렸다.{2}「악마는 지금도 예전에 있던 하늘로{n}돌아가고 싶어 해서, 하늘에 혜성이{n}나타날 때, 그 꼬리를 붙잡고 하늘로{n}돌아가려고 높은 산에 오른다고 한다.
517:0067	508:0067	{3:0}을(를) 읽었다。{2}「고대 라비안의 사람들은 신의 뜻에{n}맞는 삶을 살았기에, 신은{n}하늘에서 아름다운 보석을 내려주었다。 그것은{n}믿는 마음이 모여 이루어진 돌이었다。{2}「라비안의 신관들은 그 보석으로{n}더 훌륭한 것을 만들려 했지만,{n}그들의 마음속에 의심이 숨어 있었기에,{n}돌은 악마로 변해 버렸다。{2}「악마는 지금도 한때 있었던 하늘로{n}돌아가고 싶어 하며, 하늘에 혜성이{n}걸릴 때 그 꼬리를 붙잡고 하늘로{n}돌아가려고 높은 산에 오른다고 한다。	{3:0}을(를) 읽었다.{2}「고대 라비안 사람들은 신의 마음에{n}합당한 삶을 살았기 때문에, 신은{n}하늘에서 아름다운 보석을 내려보냈다. 그것은{n}믿는 마음이 모여서 만들어진 돌이었다.{2}「라비안의 신관들은 그 보석에서{n}더 훌륭한 것을 만들려 했지만,{n}그들의 마음속에 의심이 숨어 있었기에,{n}돌은 악마로 변해 버렸다.{2}「악마는 지금도 예전에 있던 하늘로{n}돌아가고 싶어 해서, 하늘에 혜성이{n}나타날 때, 그 꼬리를 붙잡고 하늘로{n}돌아가려고 높은 산에 오른다고 한다.
507:0068	508:0068	{3:0}을(를) 읽었다。{2}「6월 30일 맑음{n}오늘은 중대한 발견이 있었다。{n}역시 비라니움에는 DNA 생물체를{n}변화시켜 강화하는 능력이 있다。{2}「이것을 메타모르포제라 이름 붙이자。{n}단, 정확한 실험을 하지 않으면 생각{n}대로의 변신을 일으킬 수 없는 듯하다。{n}힘이 있어도 바보라면 의미가 없다。{2}「이로써 고대 라비안의 비법에 또 한 걸음{n}가까워졌다。 역시 고대 라비안인은{n}비라니움으로 무기를 만들려{n}했던 것이다。 최강의 무기를…{2}「고대인은 메타모르포제한 생물을{n}통제할 수 없었던 듯하지만,{n}나라면 할 수 있다。 나는 천재이기 때문이다。	{3:0}을(를) 읽었다.{2}「6월 30일 맑음{n}오늘은 중대한 발견이 있었다.{n}역시 비라니움에는 DNA 생물체를{n}변화시키고 강화하는 능력이 있다.{2}「이것을 메타모르포제라 이름 붙이자.{n}다만 정확한 실험을 하지 않으면 생각한{n}대로의 변신을 일으킬 수 없는 듯하다.{n}힘이 있어도 바보라면 의미가 없다.{2}「이것으로 고대 라비안의 비법에 또 한 걸음{n}가까워졌다. 역시 고대 라비안인은{n}비라니움으로 무기를 만들려고{n}했던 것이다. 최강의 무기를…{2}「고대인은 메타모르포제한 생물을{n}통제할 수 없었던 모양이지만,{n}나라면 할 수 있다. 나는 천재이니까.
509:0068	508:0068	{3:0}를 읽었다.{2}「6월 30일 맑음{n}오늘은 중대한 발견이 있었다.{n}역시 빌라늄에는 DNA 생물체를{n}변화시켜 강화하는 능력이 있다.{2}「이것을 메타모르포제라 이름 붙이자.{n}다만 정확한 실험을 하지 않으면 생각한{n}대로의 변신은 일으킬 수 없는 모양이다.{n}힘이 있어도 머리가 나쁘면 의미가 없다.{2}「이것으로 고대 라비안의 비법에 또 한 걸음{n}가까워졌다. 역시 고대 라비안인은{n}빌라늄으로 무기를 만들려고{n}했던 것이다. 최강의 무기를…{2}「고대인은 메타모르포제한 생물을{n}통제할 수 없었던 모양이지만,{n}나라면 할 수 있다. 나는 천재이기 때문이다.	{3:0}을(를) 읽었다.{2}「6월 30일 맑음{n}오늘은 중대한 발견이 있었다.{n}역시 비라니움에는 DNA 생물체를{n}변화시키고 강화하는 능력이 있다.{2}「이것을 메타모르포제라 이름 붙이자.{n}다만 정확한 실험을 하지 않으면 생각한{n}대로의 변신을 일으킬 수 없는 듯하다.{n}힘이 있어도 바보라면 의미가 없다.{2}「이것으로 고대 라비안의 비법에 또 한 걸음{n}가까워졌다. 역시 고대 라비안인은{n}비라니움으로 무기를 만들려고{n}했던 것이다. 최강의 무기를…{2}「고대인은 메타모르포제한 생물을{n}통제할 수 없었던 모양이지만,{n}나라면 할 수 있다. 나는 천재이니까.
517:0068	508:0068	{3:0}을(를) 읽었다。{2}「6월 30일 맑음{n}오늘은 중대한 발견이 있었다。{n}역시 비라니움에는 DNA 생물체를{n}변화시키고 강화하는 능력이 있다。{2}「이것을 메타모르포제라고 이름 붙이자。{n}다만 정확한 실험을 하지 않으면 생각한{n}대로의 변신은 일으킬 수 없는 모양이다。{n}힘이 있어도 바보라면 의미가 없다。{2}「이걸로 고대 라비안의 비법에 또 한 걸음{n}가까워졌다。 역시 고대 라비안인은{n}비라니움으로 무기를 만들려고{n}했던 것이다。 최강의 무기를…{2}「고대인은 메타모르포제한 생물을{n}통제할 수 없었던 모양이지만,{n}나라면 할 수 있다。 나는 천재니까。	{3:0}을(를) 읽었다.{2}「6월 30일 맑음{n}오늘은 중대한 발견이 있었다.{n}역시 비라니움에는 DNA 생물체를{n}변화시키고 강화하는 능력이 있다.{2}「이것을 메타모르포제라 이름 붙이자.{n}다만 정확한 실험을 하지 않으면 생각한{n}대로의 변신을 일으킬 수 없는 듯하다.{n}힘이 있어도 바보라면 의미가 없다.{2}「이것으로 고대 라비안의 비법에 또 한 걸음{n}가까워졌다. 역시 고대 라비안인은{n}비라니움으로 무기를 만들려고{n}했던 것이다. 최강의 무기를…{2}「고대인은 메타모르포제한 생물을{n}통제할 수 없었던 모양이지만,{n}나라면 할 수 있다. 나는 천재이니까.
508:0069	507:0069	{3:0}을(를) 읽었다.{2}「나는 지하 광산에서 고대 라비안인이{n}남긴 고문서를 발견했다.{2}「옛날이야기가 사실이라면 고대 라비안인은{n}상냥하고 고귀한 훌륭한 사람들{n}이었을 테지만, 고문서를 해독하니{n}그 이미지는 무너졌다.{2}「비라니움에는 세포를 변화시킬{n}뿐만 아니라, 상처 입은 세포를 치유하는{n}신비한 능력이 있었다고 한다. 오히려{n}그 응용을 연구했어야 했을 것이다.{2}「그러나 고대 라비안인은{n}비라니움의 생물체 강화 능력에만{n}주목하여, 인체를 강화・개조해서{n}무시무시한 무기를 만들어 냈다.{2}「공포로 사람들을 위협하여 자국을 지키려{n}했던 것이다. 예전 라비안 국은{n}신의 나라라고도 불렸다지만, 그{n}주민은 평범한 인간이었을 것이다.	{3:0}을(를) 읽었다。{2}「나는 지하 광산에서 고대 라비안인이{n}남긴 고문서를 발견했다。{2}「옛이야기가 사실이라면, 고대 라비안인은{n}상냥하고 고결한 훌륭한 사람들{n}이었을 텐데, 고문서를 해독하고 나니{n}그 이미지가 무너졌다。{2}「비라니움에는 세포를 변화시킬{n}뿐만 아니라, 상처 입은 세포를 치유하는{n}신비한 능력이 있었다고 한다。 오히려{n}그 응용을 연구했어야 했을 것이다。{2}「하지만 고대 라비안인은{n}비라니움의, 생물체를 강화하는 능력{n}에만 주목하여 인체를 강화·개조해서,{n}두려운 무기를 만들어낸 것이다。{2}「공포로 사람을 위협하여 자국을 지키려{n}했던 것이다。 한때 라비안 왕국은{n}신의 나라라고도 불렸다지만, 그{n}주민들은 평범한 인간이었을 것이다。
509:0069	507:0069	{3:0}를 읽었다.{2}「나는 지하 광산에서 고대 라비안인이{n}남긴 고문서를 발견했다.{2}「옛이야기가 사실이라면 고대 라비안인은{n}상냥하고 고결하며 훌륭한 사람들이었을{n}테지만, 고문서를 해독하고 나니{n}그 이미지는 무너졌다.{2}「빌라늄에는 세포를 변화시키는{n}것뿐만 아니라, 상처 입은 세포를 치유하는{n}신비한 능력이 있었다고 한다. 오히려{n}그 응용을 연구했어야 했을 것이다.{2}「하지만 고대 라비안인은{n}빌라늄의 생물체를 강화하는 능력{n}에만 주목하여 인체를 강화·개조해서,{n}두려운 무기를 만들어 냈다.{2}「공포로 사람들을 위협하여 자국을 지키려{n}했던 것이다. 옛 라비안국은{n}신의 나라라고도 불렸다지만, 그{n}주민들은 평범한 인간이었을 것이다.	{3:0}을(를) 읽었다。{2}「나는 지하 광산에서 고대 라비안인이{n}남긴 고문서를 발견했다。{2}「옛이야기가 사실이라면, 고대 라비안인은{n}상냥하고 고결한 훌륭한 사람들{n}이었을 텐데, 고문서를 해독하고 나니{n}그 이미지가 무너졌다。{2}「비라니움에는 세포를 변화시킬{n}뿐만 아니라, 상처 입은 세포를 치유하는{n}신비한 능력이 있었다고 한다。 오히려{n}그 응용을 연구했어야 했을 것이다。{2}「하지만 고대 라비안인은{n}비라니움의, 생물체를 강화하는 능력{n}에만 주목하여 인체를 강화·개조해서,{n}두려운 무기를 만들어낸 것이다。{2}「공포로 사람을 위협하여 자국을 지키려{n}했던 것이다。 한때 라비안 왕국은{n}신의 나라라고도 불렸다지만, 그{n}주민들은 평범한 인간이었을 것이다。
517:0069	507:0069	{3:0}을(를) 읽었다。{2}「나는 지하 광산에서 고대 라비안인이{n}남긴 고문서를 발견했다。{2}「옛이야기가 사실이라면, 고대 라비안인은{n}상냥하고 고결하며 훌륭한 사람들이었을{n}테지만, 고문서를 해독하고 나니{n}그 이미지는 무너졌다。{2}「비라니움에는 세포를 변화시킬{n}뿐 아니라 상처 입은 세포를 치유하는{n}신비한 능력이 있었다고 한다。 오히려{n}그 응용을 연구했어야 했을 것이다。{2}「하지만 고대 라비안인은{n}비라니움의 생물체 강화 능력{n}에만 주목해, 인체를 강화・개조해서{n}무시무시한 무기를 만들어 낸 것이다。{2}「공포로 사람들을 위협해 자국을 지키려{n}했던 것이다。 한때 라비안국은{n}신의 나라라고도 불렸다지만, 그{n}주민들은 평범한 인간이었을 것이다。	{3:0}을(를) 읽었다。{2}「나는 지하 광산에서 고대 라비안인이{n}남긴 고문서를 발견했다。{2}「옛이야기가 사실이라면, 고대 라비안인은{n}상냥하고 고결한 훌륭한 사람들{n}이었을 텐데, 고문서를 해독하고 나니{n}그 이미지가 무너졌다。{2}「비라니움에는 세포를 변화시킬{n}뿐만 아니라, 상처 입은 세포를 치유하는{n}신비한 능력이 있었다고 한다。 오히려{n}그 응용을 연구했어야 했을 것이다。{2}「하지만 고대 라비안인은{n}비라니움의, 생물체를 강화하는 능력{n}에만 주목하여 인체를 강화·개조해서,{n}두려운 무기를 만들어낸 것이다。{2}「공포로 사람을 위협하여 자국을 지키려{n}했던 것이다。 한때 라비안 왕국은{n}신의 나라라고도 불렸다지만, 그{n}주민들은 평범한 인간이었을 것이다。
508:0070	507:0070	{3:0}을(를) 읽었다.{2}「고문서 해독이 진행되어{n}새로운 사실이 밝혀졌다.{n}고대 라비안인이 비라니움으로{n}만들어 낸 무기의 정체다.{2}「고문서에 기록된 그 이름은, 지금의 말로{n}하자면 「오픈엔드 가변성능 특수임무{n}라이프사이클」이었다.{2}「라비안 문자로 그 머리글자를 따면{n}그것은 「비라노」라고 발음되었을 것이다.{n}옛날이야기 속 {6:3}은 분명 이 비라노{n}의 공포에서 비롯되었음이 틀림없다.{2}「인체에 비라니움이 작용해서 탄생한{n}비라노는 다른 생물을 흡수해서 그{n}외견이나 능력을 자기 것으로 만들며, 무한히{n}진화를 계속한다고 한다.	{3:0}을(를) 읽었다。{2}「고문서 해독이 진전되어,{n}새로운 사실이 밝혀졌다。{n}고대 라비안인이 비라니움으로{n}만들어낸 무기의 정체다。{2}「고문서에 적힌 그 이름은, 지금 말로{n}하면 「오픈엔드 가변성능 특수임무{n}라이프사이클」이었다。{2}「라비안 문자로 그 머리글자를 따면{n}그것은 「비라노」라고 발음되었을 것이다。{n}옛이야기 속 {6:3}은 분명 이 비라노{n}의 공포가 바탕이 되었음이 틀림없다。{2}「인체에 비라니움이 작용하여 탄생한{n}비라노는 다른 생물을 흡수하여 그{n}외견과 능력을 자신의 것으로 삼으며 끝없이{n}진화를 계속한다고 한다。
509:0070	507:0070	{3:0}를 읽었다.{2}「고문서 해독이 진행되어,{n}새로운 사실이 밝혀졌다.{n}고대 라비안인이 빌라늄으로{n}만들어 낸 무기의 정체다.{2}「고문서에 적힌 그 이름은 지금의 말로{n}하면 「오픈엔드 가변성능 특수임무{n}라이프사이클」이었다.{2}「라비안 문자로 그 첫 글자를 따면{n}그것은 「비라노」라고 발음되었을 것이다.{n}옛이야기 속 {6:3}는 분명 이 비라노{n}의 공포가 바탕이 되었음이 틀림없다.{2}「인체에 빌라늄이 작용하여 탄생한{n}비라노는 다른 생물을 흡수해서 그{n}외형이나 능력을 자기 것으로 만들고, 무한히{n}진화를 계속한다고 한다.	{3:0}을(를) 읽었다。{2}「고문서 해독이 진전되어,{n}새로운 사실이 밝혀졌다。{n}고대 라비안인이 비라니움으로{n}만들어낸 무기의 정체다。{2}「고문서에 적힌 그 이름은, 지금 말로{n}하면 「오픈엔드 가변성능 특수임무{n}라이프사이클」이었다。{2}「라비안 문자로 그 머리글자를 따면{n}그것은 「비라노」라고 발음되었을 것이다。{n}옛이야기 속 {6:3}은 분명 이 비라노{n}의 공포가 바탕이 되었음이 틀림없다。{2}「인체에 비라니움이 작용하여 탄생한{n}비라노는 다른 생물을 흡수하여 그{n}외견과 능력을 자신의 것으로 삼으며 끝없이{n}진화를 계속한다고 한다。
517:0070	507:0070	{3:0}을(를) 읽었다。{2}「고문서 해독이 진전되어,{n}새로운 사실이 밝혀졌다。{n}고대 라비안인이 비라니움으로{n}만들어 낸 무기의 정체다。{2}「고문서에 적힌 그 이름은, 지금 말로{n}하면 「오픈엔드 가변성능 특수임무{n}라이프사이클」이었다。{2}「라비안 문자로 그 머리글자를 따면{n}그것은 「비라노」라고 발음되었을 것이다。{n}옛이야기 속 {6:3}는, 분명 이 비라노{n}의 공포가 바탕이 되었을 것이다。{2}「인체에 비라니움이 작용하여 탄생한{n}비라노는 다른 생물을 흡수해, 그{n}외형과 능력을 자기 것으로 삼으며 무한히{n}진화를 계속한다고 한다。	{3:0}을(를) 읽었다。{2}「고문서 해독이 진전되어,{n}새로운 사실이 밝혀졌다。{n}고대 라비안인이 비라니움으로{n}만들어낸 무기의 정체다。{2}「고문서에 적힌 그 이름은, 지금 말로{n}하면 「오픈엔드 가변성능 특수임무{n}라이프사이클」이었다。{2}「라비안 문자로 그 머리글자를 따면{n}그것은 「비라노」라고 발음되었을 것이다。{n}옛이야기 속 {6:3}은 분명 이 비라노{n}의 공포가 바탕이 되었음이 틀림없다。{2}「인체에 비라니움이 작용하여 탄생한{n}비라노는 다른 생물을 흡수하여 그{n}외견과 능력을 자신의 것으로 삼으며 끝없이{n}진화를 계속한다고 한다。
507:0071	508:0071	「그것은 단 한 개체만 만들어졌지만,{n}통제를 벗어나 무차별적으로{n}살육을 시작했기에, 어떤 방법으로{n}격파되었다。{2}「하지만 비라노는 완전히 멸망한{n}것이 아니라, 어딘가 사람의 손이 닿지{n}않는 곳에서 휴면 상태에 들어간 듯하다。{2}「고문서에 따르면 비라노의{n}생활 주기는 혜성의 주기와 같으며,{n}{6:3}이 다시 활동하는 것은 혜성이{n}하늘에 걸릴 때일 것이라 예언되어 있다。{2}「바로 지금, 「악마의 별」이라 불리는{n}혜성이 접근하고 있다…{n}불길한 예감이 든다…	「그것은 단 하나만 만들어졌으나,{n}통제를 벗어나 무차별적으로{n}살육을 시작했기에, 어떤 방법으로{n}격파되었다.{2}「하지만 비라노는 완전히 멸망한{n}것이 아니라, 어딘가 사람의 손이 닿지 않는{n}곳에서 휴면 상태에 들어간 것 같다.{2}「고문서에 따르면 비라노의{n}생활 주기는 혜성의 주기와 같으며,{n}{6:3}이 다시 활동하는 것은 혜성이{n}하늘에 걸릴 때일 것이라 예언되어 있다.{2}「바로 지금, 「악마의 별」이라 불리는{n}혜성이 접근하고 있다…{n}불길한 예감이 든다…
509:0071	508:0071	「그것은 하나만 만들어졌지만,{n}통제를 벗어나 닥치는 대로{n}살육을 시작했기에, 어떤 방법으로{n}격파되었다.{2}「하지만 비라노는 완전히 멸망한{n}것이 아니라, 어딘가 사람의 손이 닿지 않는{n}곳에서 휴면 상태에 들어간 모양이다.{2}「고문서에 따르면 비라노의{n}생활 주기는 혜성의 주기와 같으며,{n}{6:3}가 다시 활동하는 것은 혜성이{n}하늘에 걸릴 때일 것이라고 예언되어 있다.{2}「지금 바로, 「악마의 별」이라 불리는{n}혜성이 접근하고 있다…{n}불길한 예감이 든다…	「그것은 단 하나만 만들어졌으나,{n}통제를 벗어나 무차별적으로{n}살육을 시작했기에, 어떤 방법으로{n}격파되었다.{2}「하지만 비라노는 완전히 멸망한{n}것이 아니라, 어딘가 사람의 손이 닿지 않는{n}곳에서 휴면 상태에 들어간 것 같다.{2}「고문서에 따르면 비라노의{n}생활 주기는 혜성의 주기와 같으며,{n}{6:3}이 다시 활동하는 것은 혜성이{n}하늘에 걸릴 때일 것이라 예언되어 있다.{2}「바로 지금, 「악마의 별」이라 불리는{n}혜성이 접근하고 있다…{n}불길한 예감이 든다…
517:0071	508:0071	「그것은 단 한 개체만 만들어졌지만,{n}통제를 벗어나 닥치는 대로{n}살육을 시작했기에 어떤 방법으로{n}격파되었다。{2}「하지만 비라노는 완전히 멸망한{n}것이 아니라, 어딘가 사람의 손이 닿지 않는{n}곳에서 휴면 상태에 들어간 모양이다。{2}「고문서에 따르면 비라노의{n}생활 주기는 혜성의 주기와 같으며,{n}{6:3}가 다시 활동하는 것은 혜성이{n}하늘에 걸릴 때일 것이라 예언되어 있다。{2}「바로 지금, 「악마의 별」이라 불리는{n}혜성이 접근해 오고 있다…{n}불길한 예감이 든다…	「그것은 단 하나만 만들어졌으나,{n}통제를 벗어나 무차별적으로{n}살육을 시작했기에, 어떤 방법으로{n}격파되었다.{2}「하지만 비라노는 완전히 멸망한{n}것이 아니라, 어딘가 사람의 손이 닿지 않는{n}곳에서 휴면 상태에 들어간 것 같다.{2}「고문서에 따르면 비라노의{n}생활 주기는 혜성의 주기와 같으며,{n}{6:3}이 다시 활동하는 것은 혜성이{n}하늘에 걸릴 때일 것이라 예언되어 있다.{2}「바로 지금, 「악마의 별」이라 불리는{n}혜성이 접근하고 있다…{n}불길한 예감이 든다…
507:0072	508:0072	{3:0}을(를) 보았다。{n}읽을 수 없는 문자와 기묘한 기호가{n}본 적 없는 색깔의 잉크로 쓰여 있다。	{3:0}을(를) 보았다.{n}읽을 수 없는 문자와 신비한 기호가{n}본 적 없는 색의 잉크로 쓰여 있다.
509:0072	508:0072	{3:0}를 보았다.{n}읽을 수 없는 문자나 신비한 기호가{n}본 적 없는 색의 잉크로 적혀 있다.	{3:0}을(를) 보았다.{n}읽을 수 없는 문자와 신비한 기호가{n}본 적 없는 색의 잉크로 쓰여 있다.
517:0072	508:0072	{3:0}을(를) 보았다。{n}읽을 수 없는 문자와 기묘한 기호가{n}본 적 없는 색의 잉크로 적혀 있다。	{3:0}을(를) 보았다.{n}읽을 수 없는 문자와 신비한 기호가{n}본 적 없는 색의 잉크로 쓰여 있다.
507:0073	517:0073	어디선가 남자의 목소리가 들려온다…{n}「{20:35}그 첫째, 아 악마 비라노를 쓰러뜨리는 방법…콜록{n}으으윽…비라노의 약점은 등…{n}뒤로 돌아서…등을 노려라…으 윽…{2}「{20:35}부 부탁한다… {6:5}를…	어디선가 남자의 목소리가 들린다…{n}「{20:35}그 1 아, 악마 비라노를 물리치는 방법…콜록{n}으윽…비라노의 약점은 등…{n}뒤로 돌아가서…등을 노려라…으, 으…{2}「{20:35}부, 부탁한다… {6:5}를…
508:0073	517:0073	어디선가 남자의 목소리가 들린다…{n}「{20:35}그 첫 번째, 아, 악마 비라노를 상대하는 방법…콜록{n}으으…비라노의 약점은 등…{n}뒤로 돌아서…등을 노려라…으, 윽…{2}「{20:35}제, 제발 부탁한다… {6:5}를…	어디선가 남자의 목소리가 들린다…{n}「{20:35}그 1 아, 악마 비라노를 물리치는 방법…콜록{n}으윽…비라노의 약점은 등…{n}뒤로 돌아가서…등을 노려라…으, 으…{2}「{20:35}부, 부탁한다… {6:5}를…
509:0073	517:0073	어디선가 남자의 목소리가 들린다…{n}「{20:35} 첫 번째, 아, 악마 비라노를 쓰러뜨리는 방법…콜록{n}으으극…비라노의 약점은 등…{n}뒤로 돌아가서…등을 노려라…으 윽…{2}「{20:35} 부, 부탁한다… {6:5}를…	어디선가 남자의 목소리가 들린다…{n}「{20:35}그 1 아, 악마 비라노를 물리치는 방법…콜록{n}으윽…비라노의 약점은 등…{n}뒤로 돌아가서…등을 노려라…으, 으…{2}「{20:35}부, 부탁한다… {6:5}를…
507:0074	508:0074	글자는 전혀 읽을 수 없지만{n}아무래도 {6:3}을 뒤에서 본 그림이{n}그려져 있는 듯하다。	글자는 전혀 읽을 수 없지만{n}아무래도 {6:3}을 뒤에서 본 그림이{n}그려져 있는 것 같다.
509:0074	508:0074	글자는 전혀 읽을 수 없지만{n}아무래도 {6:3}를 뒤에서 본 그림이{n}그려져 있는 것 같다.	글자는 전혀 읽을 수 없지만{n}아무래도 {6:3}을 뒤에서 본 그림이{n}그려져 있는 것 같다.
517:0074	508:0074	글자는 전혀 읽을 수 없지만{n}아무래도 {6:3}를 뒤에서 본 그림이{n}그려져 있는 듯하다。	글자는 전혀 읽을 수 없지만{n}아무래도 {6:3}을 뒤에서 본 그림이{n}그려져 있는 것 같다.
507:0075	508:0075	{3:0}을(를) 손에 들었다。{n}평범한 장미와는 조금 다른{n}신비한 향기가 난다。{2}기억의 조각…{n}환영 같은 여자의 얼굴。{n}에메랄드빛으로 빛나는 유리 실린더。{2}거석에 새겨진 그림。 죽음과 공포의 이미지。{n}어디선가 울려 퍼지는 소녀의 목소리。{2}「…이리하여 우다는 악마를 멸망시켰다。{n}그리고 모든 지식을 기록한 우다 노트를{n}후세에 남겼다。 언젠가 악마가 다시 나타날{n}그때를 대비하여…{2}…꿈의 조각。{n}잠시 멍해져 있었던 듯하다。	{3:0}을(를) 손에 들었다.{n}평범한 장미와는 조금 다른{n}신비한 향기가 난다.{2}기억의 조각…{n}환영 같은 여자의 얼굴.{n}에메랄드빛으로 빛나는 유리 실린더.{2}거석에 새겨진 그림. 죽음과 공포의 이미지.{n}어디선가 울려 퍼지는 소녀의 목소리.{2}「…그리하여 우다는 악마를 멸망시켰다.{n}그리고 모든 지식을 기록한 우다노트를{n}후세에 남겼다. 언젠가 악마가 다시 나타날{n}그때에 대비하여…{2}…꿈의 조각.{n}잠시 멍해 있었던 것 같다.
509:0075	508:0075	{3:0}를 손에 들었다.{n}평범한 장미와는 조금 다른{n}신비한 향기가 난다.{2}기억의 조각…{n}환상 같은 여자의 얼굴.{n}에메랄드빛으로 빛나는 유리 실린더.{2}거석에 새겨진 그림. 죽음과 공포의 이미지.{n}어디선가 울리는 소녀의 목소리.{2}「…이리하여 우다는 악마를 멸망시켰다.{n}그리고 모든 지식을 기록한 우다노트를{n}후세에 남겼다. 언젠가 악마가 다시 나타날{n}그때를 대비해서…{2}…꿈의 조각.{n}잠시 멍해 있었던 모양이다.	{3:0}을(를) 손에 들었다.{n}평범한 장미와는 조금 다른{n}신비한 향기가 난다.{2}기억의 조각…{n}환영 같은 여자의 얼굴.{n}에메랄드빛으로 빛나는 유리 실린더.{2}거석에 새겨진 그림. 죽음과 공포의 이미지.{n}어디선가 울려 퍼지는 소녀의 목소리.{2}「…그리하여 우다는 악마를 멸망시켰다.{n}그리고 모든 지식을 기록한 우다노트를{n}후세에 남겼다. 언젠가 악마가 다시 나타날{n}그때에 대비하여…{2}…꿈의 조각.{n}잠시 멍해 있었던 것 같다.
517:0075	508:0075	{3:0}을(를) 손에 들었다。{n}평범한 장미와는 조금 다른{n}신비한 향기가 난다。{2}기억의 조각…{n}환상처럼 희미한 여인의 얼굴。{n}에메랄드빛으로 빛나는 유리 실린더。{2}거석에 새겨진 그림。 죽음과 공포의 이미지。{n}어디선가 울려 퍼지는 소녀의 목소리。{2}「…이리하여 우다는 악마를 멸망시켰다。{n}그리고 모든 지식을 기록한 우다 노트를{n}후세에 남겼다。 언젠가 악마가 다시 돌아올{n}그때를 대비하여…{2}…꿈의 조각。{n}잠시 멍해졌던 모양이다。	{3:0}을(를) 손에 들었다.{n}평범한 장미와는 조금 다른{n}신비한 향기가 난다.{2}기억의 조각…{n}환영 같은 여자의 얼굴.{n}에메랄드빛으로 빛나는 유리 실린더.{2}거석에 새겨진 그림. 죽음과 공포의 이미지.{n}어디선가 울려 퍼지는 소녀의 목소리.{2}「…그리하여 우다는 악마를 멸망시켰다.{n}그리고 모든 지식을 기록한 우다노트를{n}후세에 남겼다. 언젠가 악마가 다시 나타날{n}그때에 대비하여…{2}…꿈의 조각.{n}잠시 멍해 있었던 것 같다.
507:0076	508:0076	{3:0}을(를) 손에 들었다。{n}손가락이 저릿한 불쾌한 느낌이 든다。{n}넣어 두는 편이 좋을 것 같다。	{3:0}을(를) 손에 들었다.{n}손가락이 저릴 만큼 불쾌한 느낌이 든다.{n}넣어 두는 편이 좋을 것 같다.
509:0076	508:0076	{3:0}를 손에 들었다.{n}손가락이 저릿한 불쾌한 느낌이 든다.{n}넣어 두는 편이 좋을 것 같다.	{3:0}을(를) 손에 들었다.{n}손가락이 저릴 만큼 불쾌한 느낌이 든다.{n}넣어 두는 편이 좋을 것 같다.
517:0076	508:0076	{3:0}을(를) 손에 들었다。{n}손가락이 저릿한 불쾌한 느낌이 든다。{n}넣어 두는 편이 좋을 것 같다。	{3:0}을(를) 손에 들었다.{n}손가락이 저릴 만큼 불쾌한 느낌이 든다.{n}넣어 두는 편이 좋을 것 같다.
507:0077	508:0077	{3:0}을(를) 보았다。{n}진짜 같은 푸른 장미 그림이 그려져 있다。{n}장미 그림 아래에는 기묘한 문자로{n}뭔가 말이 적혀 있다。	{3:0}을(를) 보았다.{n}진짜 같은 파란 장미 그림이 그려져 있다.{n}장미 그림 아래에는 기묘한 문자로{n}무언가 글이 쓰여 있다.
509:0077	508:0077	{3:0}를 보았다.{n}진짜 같은 푸른 장미 그림이 그려져 있다.{n}장미 그림 아래에는 기묘한 문자로{n}무언가 글이 적혀 있다.	{3:0}을(를) 보았다.{n}진짜 같은 파란 장미 그림이 그려져 있다.{n}장미 그림 아래에는 기묘한 문자로{n}무언가 글이 쓰여 있다.
517:0077	508:0077	{3:0}을(를) 보았다。{n}진짜 같은 파란 장미 그림이 그려져 있다。{n}장미 그림 아래에는 기묘한 문자로{n}뭔가 말이 적혀 있다。	{3:0}을(를) 보았다.{n}진짜 같은 파란 장미 그림이 그려져 있다.{n}장미 그림 아래에는 기묘한 문자로{n}무언가 글이 쓰여 있다.
507:0078	508:0078	「에소테크니컬・터빈엔진용{n}고성능 연료 액체 오르토히드라진{n}위험！ 강부식성！	「에소테크니컬 터빈 엔진용{n}고성능 연료 액체 오르토히드라진{n}위험! 강부식성!
509:0078	508:0078	「에소테크니컬 터빈엔진용{n}고성능 연료 액체 오르토히드라진{n}위험! 강부식성!	「에소테크니컬 터빈 엔진용{n}고성능 연료 액체 오르토히드라진{n}위험! 강부식성!
517:0078	508:0078	「에소테크니컬・터빈엔진용{n}고성능 연료 액체 오르토히드라진{n}위험！ 강부식성！	「에소테크니컬 터빈 엔진용{n}고성능 연료 액체 오르토히드라진{n}위험! 강부식성!
507:0079	508:0079	게임기가 있습니다。{n}플레이하시겠습니까？	게임기가 있습니다.{n}하시겠습니까?
517:0079	508:0079	게임기가 있습니다。{n}플레이하시겠습니까？	게임기가 있습니다.{n}하시겠습니까?
507:0080	508:0080	게임기가 있습니다。{n}전원이 꺼져 있는 듯합니다。	게임기가 있습니다.{n}전원이 꺼져 있는 것 같습니다.
517:0080	508:0080	게임기가 있습니다。{n}전원이 꺼져 있는 것 같습니다。	게임기가 있습니다.{n}전원이 꺼져 있는 것 같습니다.
507:0081	508:0081	…뜨거운데	…뜨겁구만
509:0081	508:0081	…뜨거운데	…뜨겁구만
507:0082	508:0082	엄지손가락이 아프다고	엄지손가락이 아프구만
509:0082	508:0082	엄지손가락이 아파	엄지손가락이 아프구만
517:0082	508:0082	엄지손가락이 아프잖아	엄지손가락이 아프구만
507:0083	508:0083	…아차{n}나도 모르게 정신없이 했군	…아차{n}나도 모르게 정신없이 했구만
509:0083	508:0083	…아차{n}정신없이 빠져 버렸네	…아차{n}나도 모르게 정신없이 했구만
517:0083	508:0083	…이런{n}정신없이 몰두해 버렸어	…아차{n}나도 모르게 정신없이 했구만
507:0084	508:0084	너무 열심히 해서 물집이 생겨버렸어{n}…반창고 없나？	너무 많이 해서 물집이 생겨 버렸군{n}…반창고 없나?
509:0084	508:0084	너무 했더니 물집이 생겨 버렸어{n}…반창고 안 갖고 있어?	너무 많이 해서 물집이 생겨 버렸군{n}…반창고 없나?
517:0084	508:0084	너무 많이 해서 물집이 생겨 버렸어{n}…반창고 안 갖고 있어？	너무 많이 해서 물집이 생겨 버렸군{n}…반창고 없나?
507:0085	508:0085	큰일이군…{n}이래서야 일이 안 되잖아	큰일이군…{n}이래서야 일을 못 하겠는걸
509:0085	508:0085	곤란한데…{n}이래선 일이 안 되잖아	큰일이군…{n}이래서야 일을 못 하겠는걸
517:0085	508:0085	큰일인데…{n}이래선 일을 못 하겠어	큰일이군…{n}이래서야 일을 못 하겠는걸
507:0086	508:0086	…빨리…빨리…선장실로 가라…{n}SOS를 발신하는 거다…{n}위다…계속 위로…향해라！…{2}{7}이 낡아빠진 배는 수리에{n}수리를 거듭해서 내부가 미로 같다…{n}헤맬 것 같으면 L버튼과{n}방향키를 눌러서 주변을 둘러봐라…{2}{7}죽고 싶지 않아…	…빨리…빨리…선장실로 가라…{n}SOS를 발신하는 거다…{n}위다…계속 위로…서둘러!…{2}{7}이 낡아 빠진 배는 수리에{n}수리를 거듭해서 안은 미로 같다…{n}길을 잃을 것 같으면 L버튼과{n}방향키를 눌러 주위를 둘러보라…{2}{7}죽고 싶지 않아…
509:0086	508:0086	…빨리…빨리…선장실로 가…{n}SOS를 발신하는 거야…{n}위다…계속 위로…향해라!…{2}{7}이 고물 배는 수리에{n}수리를 거듭해서 안은 미로 같아…{n}길을 잃을 것 같으면 L버튼과{n}방향키를 눌러서 주변을 둘러봐…{2}{7}죽고 싶지 않아…	…빨리…빨리…선장실로 가라…{n}SOS를 발신하는 거다…{n}위다…계속 위로…서둘러!…{2}{7}이 낡아 빠진 배는 수리에{n}수리를 거듭해서 안은 미로 같다…{n}길을 잃을 것 같으면 L버튼과{n}방향키를 눌러 주위를 둘러보라…{2}{7}죽고 싶지 않아…
517:0086	508:0086	…빨리…빨리…선장실로 가라…{n}SOS를 발신하는 거다…{n}위다…계속 위로…향해라！…{2}{7}이 고물 배는 수리에{n}수리를 거듭해서 안이 미로 같다…{n}길을 잃을 것 같으면 L버튼과{n}방향키를 눌러 주위를 둘러봐라…{2}{7}죽고 싶지 않다…	…빨리…빨리…선장실로 가라…{n}SOS를 발신하는 거다…{n}위다…계속 위로…서둘러!…{2}{7}이 낡아 빠진 배는 수리에{n}수리를 거듭해서 안은 미로 같다…{n}길을 잃을 것 같으면 L버튼과{n}방향키를 눌러 주위를 둘러보라…{2}{7}죽고 싶지 않아…
507:0087	508:0087	비…{6:3}은…{n}선장실로…갈 것이다…{n}으・으…비라니움이…{n}끄윽…	비…{6:3}은…{n}선장실로…갈 것이다…{n}으・으…비라니움이…{n}끄응…
509:0087	508:0087	비…{6:3}는…{n}선장실로…갈 거야…{n}으…으…빌라늄이…{n}끄윽…	비…{6:3}은…{n}선장실로…갈 것이다…{n}으・으…비라니움이…{n}끄응…
517:0087	508:0087	비…{6:3}는…{n}선장실로…갈 거다…{n}으・으…비라니움이…{n}끄윽…	비…{6:3}은…{n}선장실로…갈 것이다…{n}으・으…비라니움이…{n}끄응…
509:0088	508:0088	{6:3}에게 빌라늄을 먹이면{n}…위험해…강대화…한다…{n}으윽…	{6:3}에게 비라니움을 먹이면{n}…위험하다…강대화…한다…{n}으윽…
517:0088	508:0088	{6:3}에게 비라니움을 먹이면{n}…위험해…거대화…한다…{n}으윽…	{6:3}에게 비라니움을 먹이면{n}…위험하다…강대화…한다…{n}으윽…
507:0089	508:0089	{6:2}…나는…{n}이런 곳에서 죽고 싶지…않았어…{n}…또…함께…너와…{n}놀고 싶단 말이야…	{6:2}…나는…{n}이런 데서 죽고 싶지…않았어…{n}…또…함께…너랑…{n}놀고 싶어…
509:0089	508:0089	{6:2}…나는…{n}이런 데서 죽고…싶지 않았어…{n}…또…같이…너랑…{n}놀고 싶다고…	{6:2}…나는…{n}이런 데서 죽고 싶지…않았어…{n}…또…함께…너랑…{n}놀고 싶어…
517:0089	508:0089	{6:2}…나는…{n}이런 데서 죽고 싶지…않았어…{n}…다시…같이…너랑…{n}놀고 싶었어…	{6:2}…나는…{n}이런 데서 죽고 싶지…않았어…{n}…또…함께…너랑…{n}놀고 싶어…
507:0090	508:0090	   그리통신{n}창문 금 감 위험 접근 금지	   그리 통신{n}창문 균열 위험 접근 금지
509:0090	508:0090	   그리통신{n}창문 균열 위험, 가까이 가지 마라	   그리 통신{n}창문 균열 위험 접근 금지
517:0090	508:0090	   그리 통신{n}창문 금 감 위험, 가까이 오지 마라	   그리 통신{n}창문 균열 위험 접근 금지
508:0091	507:0091	히이이…{n}나는 보고 말았다…{n}동료가…머리부터 {6:3}에게 잡아먹혀{n}버렸다… 히이이ー 몸에 빙의됐어… 히이이ー	히이익…{n}나는 보고 말았어…{n}동료가…머리부터 {6:3}에게 먹혀버렸어…{n}히이이익 뭔가 씌어 있었어… 히이이익
509:0091	507:0091	히이익……{n}난 보고 말았어…{n}동료가…머리부터 {6:3}에게 먹혀 버렸어…{n}히이익, 빙의당했었어… 히이익	히이익…{n}나는 보고 말았어…{n}동료가…머리부터 {6:3}에게 먹혀버렸어…{n}히이이익 뭔가 씌어 있었어… 히이이익
517:0091	507:0091	히이익…{n}나는 보고 말았어…{n}동료가…머리부터 {6:3}한테 먹혀 버렸어…{n}히이익ー 빙의되어 있었어… 히이익ー	히이익…{n}나는 보고 말았어…{n}동료가…머리부터 {6:3}에게 먹혀버렸어…{n}히이이익 뭔가 씌어 있었어… 히이이익
507:0092	508:0092	으, 으… 갑판 뒤쪽에 있는 창고에{n}…끄윽…선장의 열쇠가…{n}있…다…고…꾸에엑…	으, 으… 갑판 뒤에 있는 창고에{n}…끄응…선장의 열쇠가…{n}있…다…고…꾸엑…
509:0092	508:0092	으, 으… 갑판 뒤에 있는 창고에{n}…끄윽…선장의 열쇠가…{n}있…다…고…끄에엑…	으, 으… 갑판 뒤에 있는 창고에{n}…끄응…선장의 열쇠가…{n}있…다…고…꾸엑…
517:0092	508:0092	으, 으… 갑판 뒤쪽에 있는 창고에{n}…끅…선장의 열쇠가…{n}있…다…고…꺼억…	으, 으… 갑판 뒤에 있는 창고에{n}…끄응…선장의 열쇠가…{n}있…다…고…꾸엑…
507:0093	508:0093	움직이는 네트 플레이트를{n}건너가면 선장실로 가는{n}지름길이지만, 실패하면{n}아래까지 떨어져 버린다{2}{7}아무리 너라도 위험하다{n}돌아가더라도 창고의 창문으로{n}선외로 나가는 편이 좋다	움직이는 네트플레이트를{n}건너가면 선장실로 가는{n}지름길이지만, 실패하면{n}아래로 떨어져 버린다{2}{7}아무리 너라도 위험하다{n}돌아가더라도 창고 창문으로{n}배 밖으로 나가는 편이 낫다
509:0093	508:0093	움직이는 네트 플레이트를{n}건너가면 선장실로 가는{n}지름길이지만 실패하면{n}아래까지 떨어져 버린다{2}{7}아무리 너라도 위험해{n}멀리 돌더라도 창고 창문으로{n}배 밖으로 나가는 게 좋아	움직이는 네트플레이트를{n}건너가면 선장실로 가는{n}지름길이지만, 실패하면{n}아래로 떨어져 버린다{2}{7}아무리 너라도 위험하다{n}돌아가더라도 창고 창문으로{n}배 밖으로 나가는 편이 낫다
517:0093	508:0093	움직이는 그물판을{n}건너서 가면 선장실로 가는{n}지름길이지만, 실패하면{n}아래까지 떨어져 버린다{2}{7}아무리 너라도 위험해{n}돌아가는 길이라도 창고의 창문으로{n}배 밖으로 나가는 편이 좋다	움직이는 네트플레이트를{n}건너가면 선장실로 가는{n}지름길이지만, 실패하면{n}아래로 떨어져 버린다{2}{7}아무리 너라도 위험하다{n}돌아가더라도 창고 창문으로{n}배 밖으로 나가는 편이 낫다
507:0096	508:0096	「특설 이동 감옥{n}   그리통신{n}관계없는 자는 출입 금지	「특설 이동 감옥{n}   그리 통신{n}관계자 외 출입 금지
509:0096	508:0096	「특설 이동 감옥{n}   그리통신{n}무관계자 출입 금지	「특설 이동 감옥{n}   그리 통신{n}관계자 외 출입 금지
517:0096	508:0096	「특설 이동 감옥{n}   그리 통신{n}관계없는 자는 들어오지 말 것	「특설 이동 감옥{n}   그리 통신{n}관계자 외 출입 금지
507:0097	508:0097	「냉장고	「냉동 창고
509:0097	508:0097	「냉장고	「냉동 창고
517:0097	508:0097	「냉장고	「냉동 창고
507:0102	508:0102	「컨테이너 창고{n}   그리통신{n}크레인으로 장난치지 마라	「컨테이너 창고{n}   그리 통신{n}크레인으로 장난치지 마시오
509:0102	508:0102	「컨테이너 창고{n}   그리통신{n}크레인으로 장난치지 마라	「컨테이너 창고{n}   그리 통신{n}크레인으로 장난치지 마시오
517:0102	508:0102	「컨테이너 창고{n}   그리 통신{n}크레인으로 장난치지 마라	「컨테이너 창고{n}   그리 통신{n}크레인으로 장난치지 마시오
507:0103	508:0103	어이, 동료 살해자 {6:2}・야 아니냐{n}우리 안에서 기분 좋게 자고 있었는데 눈을 떠보니{n}이 꼴이군。 어떻게 된 거지？	어이, 동료 살해자 {6:2}・야 아니냐{n}우리 안에서 기분 좋게 자고 있었는데 눈을 떠 보니{n}이 꼴이구만. 어떻게 된 거지?
509:0103	508:0103	어이, 동료 살해자 {6:2}·야 아니냐{n}우리 안에서 기분 좋게 자고 있었는데 눈을 떠 보니{n}이 꼴이다. 어떻게 된 거야?	어이, 동료 살해자 {6:2}・야 아니냐{n}우리 안에서 기분 좋게 자고 있었는데 눈을 떠 보니{n}이 꼴이구만. 어떻게 된 거지?
517:0103	508:0103	이야, 동료 살해자 {6:2}・야아 아니냐{n}우리 안에서 기분 좋게 자고 있었는데 눈을 떠 보니{n}이 꼴이다。 어떻게 된 거야？	어이, 동료 살해자 {6:2}・야 아니냐{n}우리 안에서 기분 좋게 자고 있었는데 눈을 떠 보니{n}이 꼴이구만. 어떻게 된 거지?
507:0104	508:0104	여기로 {6:3}이 지나가지 않았나？	여길 {6:3}이 지나가지 않았나?
509:0104	508:0104	여기로 {6:3}가 지나가지 않았어?	여길 {6:3}이 지나가지 않았나?
517:0104	508:0104	여길 {6:3}가 지나가지 않았어？	여길 {6:3}이 지나가지 않았나?
507:0105	508:0105	자고 있어서 모르겠다。{n}그럼 이건 그 카본형 몬스터의{n}짓인가！ 제법인데。{n}꼴좋다	자고 있어서 몰라.{n}그럼 이건 그 카본형 몬스터의{n}짓인가! 제법이군.{n}꼴좋다
509:0105	508:0105	자고 있어서 몰라.{n}그럼 이건 그 카본형 몬스터의{n}짓이냐! 제법인데.{n}꼴좋다	자고 있어서 몰라.{n}그럼 이건 그 카본형 몬스터의{n}짓인가! 제법이군.{n}꼴좋다
517:0105	508:0105	자고 있어서 모르겠어。{n}그럼 이건 그 카본형 몬스터의{n}짓이냐！ 제법 하는데。{n}꼴 좋다	자고 있어서 몰라.{n}그럼 이건 그 카본형 몬스터의{n}짓인가! 제법이군.{n}꼴좋다
507:0106	508:0106	…미안하지만 너를 우리에서{n}꺼내줄 수는 없다。 열쇠가 없어。{n}우리는 지금부터 선장실에 가서{n}뭘 할 수 있을지 해볼 거다	…미안하지만 널 우리에서{n}꺼내 줄 수는 없어. 열쇠가 없거든.{n}우리는 지금부터 선장실로 가서{n}뭘 할 수 있는지 해 볼 거야
509:0106	508:0106	…미안하지만 너를 우리에서{n}꺼내 줄 순 없어. 열쇠가 없거든.{n}우리는 이제부터 선장실로 가서{n}뭘 할 수 있을지 해 볼 거야	…미안하지만 널 우리에서{n}꺼내 줄 수는 없어. 열쇠가 없거든.{n}우리는 지금부터 선장실로 가서{n}뭘 할 수 있는지 해 볼 거야
517:0106	508:0106	…미안하지만 너를 우리에서{n}꺼내 줄 수는 없어。 열쇠가 없거든。{n}우리는 이제 선장실에 가서{n}뭘 할 수 있을지 해 볼 거야	…미안하지만 널 우리에서{n}꺼내 줄 수는 없어. 열쇠가 없거든.{n}우리는 지금부터 선장실로 가서{n}뭘 할 수 있는지 해 볼 거야
507:0107	508:0107	어차피 살아남는다 해도 나는{n}평생 감옥섬 우리 안에 있는 거잖아。{n}나는 차라리 이 배가 가라앉았으면 좋겠군。{n}그러면 너희도 다 같이 지옥길 동무다{2}{7}{6:2}, 포기해라。 나는 안다。{n}너에게는 불운의 별이 붙어 있어。 너와 엮인{n}자는 모두 죽거나 더 끔찍한 꼴을 당해。{n}그리고 너 자신도… 큭큭큭	어차피 살아남는다 해도 나는{n}평생 감옥섬에서 우리 안 신세잖아.{n}오히려 이 배랑 같이 가라앉았으면 좋겠구만.{n}그럼 너희도 다 같이 지옥길 동무다{2}{7}{6:2}, 포기해. 나는 안다고.{n}넌 불운의 별을 타고났어. 너랑 얽힌{n}사람은 다 죽거나 더 끔찍한 꼴을 당해.{n}그리고 너 자신도…쿠쿠쿠
509:0107	508:0107	어차피 살아남아도 나는{n}평생 감옥섬 우리 안이잖아.{n}나는 차라리 이 배가 가라앉아 버렸으면 좋겠어.{n}그럼 너희도 다 같이 지옥길 동무지{2}{7}{6:2}, 포기해라. 나는 알아.{n}너한테는 불운의 별이 붙어 있어. 너랑 관계된{n}놈들은 다 죽거나 더 끔찍한 꼴을 당해.{n}그리고 너 자신도… 큭큭큭	어차피 살아남는다 해도 나는{n}평생 감옥섬에서 우리 안 신세잖아.{n}오히려 이 배랑 같이 가라앉았으면 좋겠구만.{n}그럼 너희도 다 같이 지옥길 동무다{2}{7}{6:2}, 포기해. 나는 안다고.{n}넌 불운의 별을 타고났어. 너랑 얽힌{n}사람은 다 죽거나 더 끔찍한 꼴을 당해.{n}그리고 너 자신도…쿠쿠쿠
517:0107	508:0107	어차피 살아남는다 해도 나는{n}평생 감옥섬 우리 안이잖아。{n}나는 오히려 이 배가 가라앉아 버리는 게 나아。{n}그럼 너희도 다 같이 지옥길 동무가 되는 거지{2}{7}{6:2}, 포기해。 나는 안다。{n}너한텐 불운의 별이 붙어 있어。 너랑 엮인{n}자는 모두 죽거나 더 심한 꼴을 당해。{n}그리고 너 자신도… 큭큭큭	어차피 살아남는다 해도 나는{n}평생 감옥섬에서 우리 안 신세잖아.{n}오히려 이 배랑 같이 가라앉았으면 좋겠구만.{n}그럼 너희도 다 같이 지옥길 동무다{2}{7}{6:2}, 포기해. 나는 안다고.{n}넌 불운의 별을 타고났어. 너랑 얽힌{n}사람은 다 죽거나 더 끔찍한 꼴을 당해.{n}그리고 너 자신도…쿠쿠쿠
507:0108	508:0108	{6:2}・야。{n}나를 붙잡은 건 좋은데, 잊지 마라。{n}이 항해는 편도 티켓이다。 너는 두 번 다시{n}바깥세상으로 돌아가지 못해。 기억해 둬	{6:2}・야여.{n}날 잡은 건 좋지만 잊지 마라.{n}이 항해는 편도 티켓이야. 넌 두 번 다시{n}바깥세상으로 못 돌아가. 명심해 둬
509:0108	508:0108	{6:2}·야여.{n}나를 붙잡은 건 좋은데 잊지 마라.{n}이 항해는 편도 티켓이다. 너는 두 번 다시{n}바깥세상으로 못 돌아가. 기억해 둬	{6:2}・야여.{n}날 잡은 건 좋지만 잊지 마라.{n}이 항해는 편도 티켓이야. 넌 두 번 다시{n}바깥세상으로 못 돌아가. 명심해 둬
517:0108	508:0108	{6:2}・야아。{n}나를 붙잡은 건 좋은데, 잊지 마라。{n}이 항해는 편도 티켓이다。 너는 두 번 다시{n}바깥세상으로 돌아갈 수 없어。 명심해 둬	{6:2}・야여.{n}날 잡은 건 좋지만 잊지 마라.{n}이 항해는 편도 티켓이야. 넌 두 번 다시{n}바깥세상으로 못 돌아가. 명심해 둬
517:0109	507:0109	뭐야, 방금 그건…	방금 그건 뭐였지…
517:0111	507:0111	지진 소리 아니야？	지진 소리 아닌가？
517:0112	507:0112	……{6:3}야	……{6:3}이야
517:0114	507:0114	{6:3}라니…{n}그 {6:3}야？	{6:3}라니…{n}그 {6:3}인가？
517:0116	507:0116	그 {6:3}가 붙잡혔다고…{n}정말이야？	그 {6:3}이 붙잡혔다고…{n}진짜냐？
517:0117	507:0117	특별 편성된 바운티 팀의{n}공이라는 거지	특별 편성된 바운티팀의{n}공적이라는군
517:0118	507:0118	믿을 수 없어…	믿을 수가 없군…
517:0119	507:0119	바운티 팀에서도 사망자가 나왔다는 모양이야。{n}하긴… 이건 소문이지만…{n}그건 동료 헌터가{n}저지른 거라는 얘기도 있어…	바운티팀에서도 사망자가 나왔다는군。{n}뭐…이건 소문이지만…{n}그건 동료 헌터가{n}한 짓이라는 이야기더라고…
517:0120	507:0120	그 배로 이송하게{n}됐다나 봐	그 배로 이송하게{n}되었다는군
517:0123	507:0123	아아{n}그 {6:4}가 {6:29}의{n}탈출 불가능하다는 감옥섬 말이지	아아{n}그 {6:4}가 {6:29}의{n}탈옥 불가능이라 불리는 감옥섬인가
517:0124	507:0124	그 섬에 보내기만 하면{n}제아무리 {6:3}라도 이제 끝이겠지	그 섬에 보내버리기만 하면{n}제아무리 {6:3}라도 이제 끝이로군
517:0126	507:0126	무슨 뜻이야	무슨 뜻이지
517:0127	507:0127	그놈은 탈주할 거다。 아마도	그놈은 탈옥한다。 아마도
517:0128	507:0128	하지만 경비는 삼엄할 텐데…	하지만 경비는 삼엄하잖아…
517:0130	507:0130	이봐 이봐！ 들키면 어쩌려고！{n}바운티 팀이 배에 들이닥칠 거야	어이 어이！ 들키면 어쩌려고！{n}바운티팀이 배에 들이닥친다고
517:0131	507:0131	……있잖아, {6:2} 좀,{n}가끔은 내 말도 좀 들어 줘！{n}정말！ 이 고집불통 영감아！	……있잖아 있잖아 {6:2}라니까,{n}가끔은 내 말도 좀 들어줘！{n}정말！ 이 고집불통 영감탱이！
517:0132	507:0132	책임감 때문이겠지만{n}이번 항해는 너무 위험해！{2}{7}굳이 네가{n}직접 갈 것 없이 {6:3}의 경비는{n}재수 없이 걸린 {6:11}와 {6:17}에게{n}맡기면 되잖아！{2}{7}그만둘 거면 지금이다！{n}{6:3}는 그저 그런 생물이 아니야。{n}너도 그놈의 무서움은{n}충분히 알고 있을 텐데！	책임감 때문이겠지만{n}이번 항해는 너무 위험해！{2}{7}굳이 네가{n}직접 가지 않아도 {6:3}의 경비는{n}재수 없게 걸린 {6:11}과 {6:17}에게{n}맡기면 되잖아！{2}{7}그만둘 거면 지금이야！{n}{6:3}은 그냥 생물이 아니야。{n}너도 그놈의 무서움은{n}충분히 알고 있을 텐데！
517:0133	507:0133	…그나저나 이상하네…{n}{6:3}를 이런 구식 배로 이송하다니{n}당국은 대체 무슨 생각인 거야	…그나저나 이상하군…{n}{6:3}을 이런 구식 배로 이송하다니{n}당국은 대체 무슨 생각인 거야
517:0134	507:0134	{6:2}！ 진짜 그만두는 게 좋아！{n}우리 팀에 남아서{n}잔챙이들 상대로 느긋하게 현상금 사냥이나 하면서 살자！	{6:2}！ 정말로 그만두는 게 좋아！{n}우리 팀에 남아서{n}잔챙이 상대로 느긋하게 현상금 사냥이나 하며 살자！
517:0135	507:0135	소용없어, {6:13}。 이 녀석은 원래{n}팀을 짜는 성격이 아니야。 게다가…{n}크게 한탕하기엔 좋은 기회다	소용없다 {6:13}。 이놈은 원래{n}팀을 짤 성격이 아니야。 게다가…{n}크게 한탕 벌기에는 좋은 기회지
517:0136	507:0136	그치만…{n}앗	하지만…{n}앗
517:0137	507:0137	{6:3}가 반입되는구나	{6:3}이 반입되고 있어
517:0139	507:0139	흥, 뭐야。 당국의 개 주제에	흥, 뭐야。 당국의 개가
507:0144	508:0111	엄청난 꿈을 꿔버렸어…	엄청난 꿈을 꿨구만…
509:0111	508:0111	엄청난 꿈을 꿨어…	엄청난 꿈을 꿨구만…
507:0145	508:0112	엄청난 꿈이라면 나도 꿨어	대단한 꿈이라면 나도 꿨어
509:0112	508:0112	엄청난 꿈이라면 나도 꿨어	대단한 꿈이라면 나도 꿨어
507:0146	508:0113	어떤 꿈인데？	무슨 꿈인데?
509:0113	508:0113	어떤 꿈인데?	무슨 꿈인데?
507:0147	508:0114	잘 기억나지 않지만…{n}{6:3}이 이 배에서 탈출해서{n}제이라즈 섬에서 메타모르포제하는 꿈이야	잘 기억나지 않지만…{n}{6:3}이 이 배에서 탈출해서{n}제일러스 섬에서 메타모르포제하는 꿈이야
507:0149	508:0116	…！？{n}{6:2} 너, 그 아이템으로 들고 있는{n}장미는 뭐냐？	…!? {n}{6:2} 너, 그 아이템으로 가진{n}장미는 뭐냐?
509:0116	508:0116	……!?{n}{6:2}, 너 그 아이템으로 갖고 있는{n}장미는 뭐야?	…!? {n}{6:2} 너, 그 아이템으로 가진{n}장미는 뭐냐?
507:0151	508:0118	{6:2}…아무래도{n}우리가 꾼 꿈은 예지몽이었던 모양이다…{2}{7}큰일이 났다…{n}{6:3}이 함을 부수고 도망친 모양이다。{n}선내는 {6:11} 상태가 되어 있다	{6:2}…아무래도{n}우리가 꾼 꿈이 예지몽이었던 모양이다…{2}{7}큰일이다…{n}{6:3}이 함을 부수고 도망친 모양이다.{n}선내는 아수라장이 되었다
509:0118	508:0118	{6:2}…아무래도{n}우리가 꾼 꿈은 예지몽이었던 모양이다…{2}{7}큰일 났다…{n}{6:3}가 함을 부수고 도망친 모양이다.{n}선내는 패{6:11} 상태다	{6:2}…아무래도{n}우리가 꾼 꿈이 예지몽이었던 모양이다…{2}{7}큰일이다…{n}{6:3}이 함을 부수고 도망친 모양이다.{n}선내는 아수라장이 되었다
507:0152	508:0119	{6:2}！ 선원들은 거의 전멸이다！	{6:2}! 선원은 거의 전멸이다!
507:0153	508:0120	！？ 이런 짧은 시간에！？	!? 이렇게 짧은 시간에!?
507:0154	508:0121	거짓말이라고 생각하면 직접 봐라！	거짓말이라고 생각하면 직접 봐!
509:0121	508:0121	거짓말이라고 생각하면 가서 봐!	거짓말이라고 생각하면 직접 봐!
507:0155	508:0122	{6:2}！ 둘로 나뉘어서{n}{6:17}을 찾자！ 구해야 해！	{6:2}! 둘로 나뉘어서{n}{6:17}을 찾자! 구해야 해!
509:0122	508:0122	{6:2}! 두 패로 나뉘어서{n}{6:17}를 찾자! 구해야 해!	{6:2}! 둘로 나뉘어서{n}{6:17}을 찾자! 구해야 해!
507:0156	508:0123	이미…늦었어{n}가지 않는 게 좋아	이미…늦었어{n}안 가는 게 나아
509:0123	508:0123	이제… 늦었어{n}안 가는 게 좋아	이미…늦었어{n}안 가는 게 나아
507:0157	508:0124	시끄러워！ 나는 간다！{n}{6:17}을 구한다！	시끄러워! 난 간다!{n}{6:17}을 구한다!
509:0124	508:0124	시끄러워! 나는 간다!{n}{6:17}를 구할 거야!	시끄러워! 난 간다!{n}{6:17}을 구한다!
507:0158	508:0125	어떻게 할래？{n}{6:2}, 여기 가만히 있으면{n}살아남을 가능성이 조금은 있다{2}{7}여기서 한 발짝이라도 밖으로 나가면{n}너는 좋든 싫든{n}{6:3}과 싸우게 될 거다	어떻게 할까?{n}{6:2}, 여기 가만히 있으면{n}살아남을 가능성이 조금은 있다{2}{7}여기서 한 걸음이라도 밖으로 나가면{n}너는 싫든 좋든{n}{6:3}과 싸우게 될 것이다
509:0125	508:0125	어떻게 할래?{n}{6:2}, 여기 가만히 있으면{n}살아남을 가능성이 조금은 있어{2}{7}여기서 한 발짝이라도 밖으로 나가면{n}너는 싫든 좋든{n}{6:3}와 싸우게 될 거야	어떻게 할까?{n}{6:2}, 여기 가만히 있으면{n}살아남을 가능성이 조금은 있다{2}{7}여기서 한 걸음이라도 밖으로 나가면{n}너는 싫든 좋든{n}{6:3}과 싸우게 될 것이다
509:0126	508:0126	가만히 숨죽이고 있으면{n}너만은 살아남을지도 몰라	가만히 숨죽이고 있으면{n}너만은 살아남을지도 모른다
507:0160	508:0127	{6:2}！ 오지 마！{n}오면 죽는다！ …으아악！{n}꾸엑！…	{6:2}! 오지 마!{n}오면 죽는다! …으아아악!{n}끄에엑!…
509:0127	508:0127	{6:2}! 오지 마!{n}오면 죽어! …으와아악!{n}게엑!…	{6:2}! 오지 마!{n}오면 죽는다! …으아아악!{n}끄에엑!…
507:0161	508:0128	여기서 배 측면을 타고 가면{n}선장실에 빨리 도착할 것 같군…{n}하지만 바다에 떨어지면 상어가 우글우글해{n}살아남기 힘들다{2}{7}{6:3}에게 당하느냐…{n}상어에게 먹히느냐…{n}둘 다 싫은데…{2}{7}{6:2}, 되돌아가서 선내로 갈까…{n}이대로 죽음을 각오하고 측면으로 갈까…{n}어느 쪽이든 목적지는 같다。{n}운명의 갈림길이 될지도 모르겠군…	여기서 배 측면을 타고 가면{n}선장실에 빨리 도착할 수 있을 것 같군…{n}하지만 바다에 떨어지면 상어가 우글우글하다{n}먼저 살아남기 힘들다{2}{7}{6:3}에게 당하거나…{n}상어에게 먹히거나…{n}둘 다 싫은데…{2}{7}{6:2}, 돌아가서 선내로 갈 것인가…{n}이대로 죽음을 각오하고 측면으로 갈 것인가…{n}어느 쪽이든 목적지는 같다.{n}운명의 갈림길이 될지도 몰라…
509:0128	508:0128	여기서 배 측면을 따라가면{n}선장실에 빨리 도착할 것 같은데…{n}하지만 바다에 떨어지면 상어가 득실득실해{n}거의 못 살아{2}{7}{6:3}한테 당할까…{n}상어한테 먹힐까…{n}둘 다 싫은데…{2}{7}{6:2}, 되돌아가서 선내로 갈까…{n}이대로 죽음을 각오하고 측면으로 갈까…{n}어느 쪽이든 목적지는 같다.{n}운명의 갈림길이 될지도 모르겠군…	여기서 배 측면을 타고 가면{n}선장실에 빨리 도착할 수 있을 것 같군…{n}하지만 바다에 떨어지면 상어가 우글우글하다{n}먼저 살아남기 힘들다{2}{7}{6:3}에게 당하거나…{n}상어에게 먹히거나…{n}둘 다 싫은데…{2}{7}{6:2}, 돌아가서 선내로 갈 것인가…{n}이대로 죽음을 각오하고 측면으로 갈 것인가…{n}어느 쪽이든 목적지는 같다.{n}운명의 갈림길이 될지도 몰라…
507:0167	508:0129	으구와아ー, 게게에ー, 으, 으,{n}사, 살려주ー, 그와아아아	으그와아ー, 꾸에엑, 으, 으,{n}도와주세ー, 으와아아아
509:0129	508:0129	으그와아, 게게에, 으, 으,{n}살려줘어, 그와아아아	으그와아ー, 꾸에엑, 으, 으,{n}도와주세ー, 으와아아아
507:0175	508:0159	조금 살이 빠진 거 아니냐?	조금 야윈 거 아니니?
508:0160	507:0176	시가렛 가져와 줬어요{n}어머니	담배 가져다준 거야?{n}엄마
507:0177	508:0161	봉지에 들어 있단다	봉투에 들어 있단다
507:0178	508:0162	여기서 만드는 담배는{n}맛없어서 못 참겠어	여기서 만드는 시가렛은{n}맛이 없어서 참
507:0179	508:0163	제대로 먹고는 있니?{n}병이라도 나면…	제대로 챙겨 먹고 있니?{n}병이라도 나면…
507:0180	508:0164	흥…어차피 평생 못 나가.{n}차라리 일찍 죽는 게 낫겠어	흥…어차피 평생 못 나가는데.{n}차라리 일찍 죽는 게 낫겠어
507:0181	508:0165	그런 말 하지 말아 다오…{n}엄마는 말이다, 일 년에 한 번,{n}이 {6:4}{6:29}님의 생일에만{n}할 수 있는 면회를 낙으로…	그런 말 하지 말려무나…{n}엄마는 말이지, 1년에 한 번, 이{n}{6:4}{6:29}의 생일에만{n}가능한 면회를 낙으로 삼아…
507:0182	508:0166	…올해도 꽤나 떠들썩하구나…	…올해도 꽤 떠들썩하네…
507:0183	508:0167	이날만큼은 말이지.{n}그 빌어먹을 {6:29}님도 기분이 좋은 모양이야	오늘만큼은 말이야.{n}그 빌어먹을 {6:29}도 기분이 좋은 모양이야
507:0184	508:0168	질서…그래, 질서야말로{n}제일러스 섬에서 살아가기 위해{n}가슴에 새겨야 할 말이다.{n}하지만…오늘만큼은…{2}{7}나의 생일인 오늘만큼은…{n}잠시 그 말을 잊도록 하자…{n}그것이 바로 나의 관대한…{n}마음의 증표이기 때문이다!…{2}{7}제군들!{n}내 생일을 축하해 줘서{n}고맙다! 고마워!{n}생큐 베리 머치!	질서…그래, 질서야말로{n}제일러스 섬에서 살아가기 위해{n}가슴에 새겨야 할 말이다.{n}하지만…오늘만큼은…{2}{7}나의 생일인 오늘만큼은…{n}잠시, 그 말을 잊어버리자…{n}그것이 나의 관대한…{n}마음의 증표이기 때문이다!…{2}{7}제군!{n}내 생일을 축하해 줘서{n}고맙다! 고맙다!{n}생큐 베리 머치!
507:0185	508:0169	야! {6:20}! 기다려	어이! {6:20}! 기다려
507:0186	508:0170	{6:20}…너, {6:19} 지하조직,{n}흔히 말하는 JLO에 들어갔다는 소문은{n}사실이야?	{6:20}…너, {6:19} 지하조직,{n}세간에서 말하는 JLO에 들어갔다는 소문이{n}사실이냐?
507:0187	508:0171	이런 데서 긴 얘기 할 틈 없어	이런 데서 긴 얘기 할 시간 없어
507:0188	508:0172	JLO가 조만간 테러를 일으킨다는 얘기는…	JLO가 곧 테러를 일으킨다는 얘기는…
507:0191	508:0175	…빌라늄이야.{n}지하 광산에서 훔쳐 왔지	…비라니움이야.{n}지하 광산에서 훔쳐 왔어
507:0192	508:0176	빌라늄을?! 어떻게 그런 짓을…	비라니움을!? 무슨 짓을…
507:0193	508:0177	이거랑 바꿔서 엄청난 무기를{n}마련해 줄 놈과 만나기로 했어{n}테러에는 무기가 필요하니까	이거랑 교환으로 엄청난 무기를{n}마련해 주겠다는 놈이랑 만나기로 했어{n}테러에는 무기가 필요하니까
507:0194	508:0178	들키면 죽어!	들키면 죽는다고!
507:0195	508:0179	아무것도 안 해도 여기선 똑같아.{n}간다. 겁쟁이한텐 볼일 없어	아무것도 안 해도 여기선 마찬가지야.{n}간다. 겁쟁이한텐 볼일 없어
507:0197	508:0181	어라, 무기 브로커 녀석{n}아직도 안 왔네…	어라, 무기 브로커 녀석{n}아직 안 왔네…
507:0198	508:0182	젠장, 언제까지 기다리게 할 셈이야…{n}무기 들고 아지트에 안 돌아가면{n}{6:30}님한테 혼나고 말 거야	젠장, 언제까지 기다리게 할 셈이야…{n}무기를 갖고 아지트로 돌아가지 않으면{n}{6:30}님한테 혼나겠네
509:0157	507:0202	자동 항로 장치로 어떻게든{n}제이라즈 섬까지는 도착했지만…{n}뭔가 싫은 분위기네…{n}게다가 악의 냄새가 풀풀 나는군	자동항로장치로 어찌어찌{n}제일러스 섬까지는 도착했지만…{n}왠지 꺼림칙한 분위기인데…{n}게다가 악의 냄새가 풀풀 풍기는군
509:0158	507:0203	…아무튼, {6:4}{6:29}를 만나서{n}{6:3}가 탈주해서 이 섬에 상륙했을 가능성이{n}있다는 걸 전해야겠어!	…어쨌든 {6:4}{6:29}님을 만나{n}{6:3}가 탈주해서 이 섬에 상륙했을 가능성이{n}있다는 걸 전하자!
507:0217	508:0203	어어이 여긴 너 같은{n}바운티 헌터는 출・{19:1}입・{19:1}금・{19:1}지・{19:1}야{n}한 발・{19:1}짝・{19:1}도 못 지나가{n}뭐라고 해도 여긴…히끅{2}{7}여기서부터는 범죄자 말고는{n}못 들어와…히끅…알았냐{n}이 바운티 헌터 쓰레기 자식이…{n}우에…{2}{7}근데 말이야, 형씨 오늘은ー{n}특별해. 뭐니 뭐니 해도 {6:29}님의{n}생신이니까 히끅 어때!	어이 어이, 여긴 네놈 같은{n}바운티 헌터는 출・{19:1}입・{19:1}금・{19:1}지・{19:1}다{n}한 발・{19:1}짝・{19:1}도 못 지나간・{19:1}다{n}뭐니 뭐니 해도 여긴…히끅{2}{7}여기서부터는 범죄자 외에는{n}못 들어가…히끅…알았냐{n}이 바운티 헌터 자식이…{n}위이…{2}{7}근데 말이야 형씨, 오늘은ー{n}특별이야. 뭐니 뭐니 해도 {6:29}님{n}생신이니까 말이지 히끅, 어때!
509:0169	508:0203	야야, 여긴 너 같은{n}바운티 헌터는 출·{19:1}입·{19:1}금·{19:1}지·{19:1}야{n}한 발·{19:1}짝·{19:1}도 못 지나가{n}뭐니 뭐니 해도 여긴… 끅{2}{7}여기서부터는 범죄자 말고는{n}못 들어가… 끅… 알았냐{n}이 바운티 헌터 자식이…{n}우웨…{2}{7}근데 말이야 형씨, 오늘은ー{n}특별이야. 뭐니 뭐니 해도 {6:29}님{n}생신이니까 말이야 끅 어때!	어이 어이, 여긴 네놈 같은{n}바운티 헌터는 출・{19:1}입・{19:1}금・{19:1}지・{19:1}다{n}한 발・{19:1}짝・{19:1}도 못 지나간・{19:1}다{n}뭐니 뭐니 해도 여긴…히끅{2}{7}여기서부터는 범죄자 외에는{n}못 들어가…히끅…알았냐{n}이 바운티 헌터 자식이…{n}위이…{2}{7}근데 말이야 형씨, 오늘은ー{n}특별이야. 뭐니 뭐니 해도 {6:29}님{n}생신이니까 말이지 히끅, 어때!
507:0218	508:0204	내 술병을 다 마시면…{n}여기서부터 통과시켜 주지! 헤헤…	내 보틀을 다 마시면…{n}여기서부터 지나가게 해 주지! 헤헤…
509:0170	508:0204	내 술병을 다 비우면…{n}여기서부터 통과시켜 주지! 헤헤…	내 보틀을 다 마시면…{n}여기서부터 지나가게 해 주지! 헤헤…
507:0219	508:0205	장난하는 놈이네!{n}내 술병도 못 마셔?	장난하는 거냐!{n}내 보틀도 못 마셔?
509:0171	508:0205	건방진 녀석이네!{n}내 술도 못 마시겠냐?	장난하는 거냐!{n}내 보틀도 못 마셔?
507:0220	508:0206	{6:2}는 {6:19}의 술병을 단숨에{n}다 마셔 버렸다.	{6:2}는 {6:19}의 보틀을 단숨에{n}다 마셔 버렸습니다.
509:0172	508:0206	{6:2}는 {6:19}의 술병을 단숨에{n}비워 버렸습니다.	{6:2}는 {6:19}의 보틀을 단숨에{n}다 마셔 버렸습니다.
507:0221	508:0207	오, 대단한데 이렇게 독한 걸{n}단숨에 마시다니…히끅{n}너…취기가 돌아서{n}쓰러지겠는데! …뭐, 됐어{2}{7}약속이다, 통과시켜 주지{n}취해서 날뛰지는 말라고!	오오 대단한데, 이렇게 독한 보틀을{n}단숨에 마시다니…히끅{n}너…알코올이 돌면{n}쓰러질 거야! …뭐 됐어{2}{7}약속이다 통과시켜 주마{n}취해서 난동 부리지 마!
509:0173	508:0207	야, 대단한데 이런 독한 술을{n}단숨에 마시다니… 끅{n}너… 취기가 올라서{n}쓰러질 거야! …뭐 됐어{2}{7}약속이니까 통과시켜 주지{n}취해서 난동 부리지 마라!	오오 대단한데, 이렇게 독한 보틀을{n}단숨에 마시다니…히끅{n}너…알코올이 돌면{n}쓰러질 거야! …뭐 됐어{2}{7}약속이다 통과시켜 주마{n}취해서 난동 부리지 마!
507:0222	508:0208	취해서 날뛰지는 말라고!	취해서 난동 부리지 마!
509:0174	508:0208	취해서 난동 부리지 마라!	취해서 난동 부리지 마!
507:0223	508:0209	우오오ー {6:38} 용서해 줘{n}젠자앙 네 이노옴ー {6:3}!!{n}우오오ー 내가 잘못했어 우오오오ー 히끅{n}내가, 내가 죽인 거라고오오오!!	우오오ー {6:38} 용서해다오{n}제길ー 네놈ー {6:3}!!{n}우오오ー 내가 잘못했어 우오오오ー 히끅{n}내가 내가 죽인 거라고오오오!!
509:0175	508:0209	우오오ー {6:38} 용서해 줘{n}젠장ー 네 이놈 {6:3}!!{n}우오오ー 내가 잘못했어 우오오오ー 끅{n}내가, 내가 죽였다고오오!!	우오오ー {6:38} 용서해다오{n}제길ー 네놈ー {6:3}!!{n}우오오ー 내가 잘못했어 우오오오ー 히끅{n}내가 내가 죽인 거라고오오오!!
507:0224	508:0210	{6:2}?! 왜 그래!{n}야, 진정해!	{6:2}!? 왜 그래! {n}이봐, 진정해!
509:0176	508:0210	{6:2}!? 왜 그래!{n}야, 진정해!	{6:2}!? 왜 그래! {n}이봐, 진정해!
507:0225	508:0211	야! 바운티 헌터 바보!{n}왜 우리 아빠를{n}잡은 거야ー{n}내가, 내가 외롭잖아{2}{7}바보 바보 바보{n}너 같은 건 혼내 줄 거야{n}으앙 으앙 으앙	야! 바운티 헌터 바보!{n}왜 내 아빠를{n}잡아간 거야ー{n}내가, 내가 외롭잖아{2}{7}바보 바보 바보{n}너 같은 거 혼내 줄 거야{n}으앙 으앙 으앙
509:0177	508:0211	야! 바운티 헌터 바보!{n}왜 우리 아빠를{n}잡아간 거야ー{n}내가, 내가 외롭잖아{2}{7}바보 바보 바보{n}너 같은 건 혼내줄 거야{n}으앙 으앙 으앙	야! 바운티 헌터 바보!{n}왜 내 아빠를{n}잡아간 거야ー{n}내가, 내가 외롭잖아{2}{7}바보 바보 바보{n}너 같은 거 혼내 줄 거야{n}으앙 으앙 으앙
507:0226	508:0212	{6:3} 네 이놈!{n}비웃고 있구나! 히끅{n}젠장, 죽여 버리겠어!	{6:3} 이 자식!{n}비웃고 있구나! 히끅{n}젠장, 죽여 버리겠어!
509:0178	508:0212	{6:3} 이 자식!{n}비웃고 있구나! 끅{n}젠장, 죽여 버릴 거야!	{6:3} 이 자식!{n}비웃고 있구나! 히끅{n}젠장, 죽여 버리겠어!
509:0181	508:0215	확실히 본 녀석이 있다고{n}그건 여자야. 여자가 킬밸리 지대에{n}숨어들었어	확실히 본 녀석이 있다고{n}그건 여자다. 여자가 킬밸리 지대에{n}숨어들었어
508:0216	507:0231	거짓말이야!{n}거기에 내 허락 없이 들어갈 수 있는 놈은 없어!{n}게다가 여자 따위가	거짓말이야!{n}거기에 내 허가 없이 들어갈 놈은 없어!{n}게다가 여자 따위가
509:0182	507:0231	거짓말이야!{n}거기에 내 허락 없이 들어갈 녀석은 없어!{n}게다가 여자 따위가	거짓말이야!{n}거기에 내 허가 없이 들어갈 놈은 없어!{n}게다가 여자 따위가
507:0232	508:0217	어디선가 숨어든 거겠지.{n}어떡할 거야? 저기 감시는{n}네 책임이잖아{2}{7}{6:29}님한테 들키면 넌 다시 담장 안으로{n}되돌아가겠구먼{n}모처럼 이 마을에 나올 수 있었는데 말이야, 헤헤헤	어딘가로 몰래 숨어든 거겠지.{n}어쩔 거야? 거기 감시는{n}네 책임이잖아{2}{7}{6:29}한테 들키면 넌 담장 안으로{n}다시 처넣어지겠군{n}모처럼 이 마을로 나왔는데 말이야 헤헤헤
509:0183	508:0217	어디선가 몰래 숨어든 거겠지.{n}어쩔 거야? 거기 감시는{n}네 책임이잖아{2}{7}{6:29}한테 들키면 넌 담장 안으로{n}도로 돌아가는 거지{n}모처럼 이 마을에 나올 수 있었는데 말이야 헤헤헤	어딘가로 몰래 숨어든 거겠지.{n}어쩔 거야? 거기 감시는{n}네 책임이잖아{2}{7}{6:29}한테 들키면 넌 담장 안으로{n}다시 처넣어지겠군{n}모처럼 이 마을로 나왔는데 말이야 헤헤헤
507:0234	508:0219	날 바보 취급하지 마{n}다음엔 코딱지 붙여 줄 거야{n}돼지 자식	날 바보 취급하지 마{n}이번엔 코딱지 붙일 테다{n}돼지 자식
509:0185	508:0219	날 무시하지 마{n}다음엔 코딱지 붙여 줄 거야{n}돼지 자식아	날 바보 취급하지 마{n}이번엔 코딱지 붙일 테다{n}돼지 자식
507:0235	508:0220	뭐야 넌?{n}바운티 헌터야?{n}왜 이런 데 있어{2}{7}뭐 됐어, 나는 {6:25}야{n}한잔 사지{n}그 {6:26}한테 말 걸어 봐	뭐야, 너? {n}바운티 헌터냐?{n}왜 이런 데 있어{2}{7}뭐 됐다, 나는 {6:25}다{n}한잔 사지{n}그 {6:26}한테 말을 걸어 봐
509:0186	508:0220	뭐야, 네놈?{n}바운티 헌터냐?{n}왜 이런 데 있는 거야{2}{7}뭐 됐어, 난 {6:25}야{n}한잔 사지{n}그 {6:26}한테 말 걸어 봐	뭐야, 너? {n}바운티 헌터냐?{n}왜 이런 데 있어{2}{7}뭐 됐다, 나는 {6:25}다{n}한잔 사지{n}그 {6:26}한테 말을 걸어 봐
507:0236	508:0221	흥, 인사는 됐어{n}헌터랑 {6:19}가 친해지면{n}세상 말세라는 거지{n}빨리 {6:26}한테 말 걸어 봐	헤, 인사는 됐어{n}헌터랑 {6:19}가 친해지면{n}세상 말세라는 거지{n}빨리 {6:26}한테 말 걸어 봐
509:0187	508:0221	헷, 인사 같은 건 됐어{n}헌터랑 {6:19}가 친해지면{n}세상 말세라는 거지{n}얼른 {6:26}한테 말 걸어	헤, 인사는 됐어{n}헌터랑 {6:19}가 친해지면{n}세상 말세라는 거지{n}빨리 {6:26}한테 말 걸어 봐
507:0238	508:0225	너 같은 바운티 헌터한테{n}먹일 술은 없어! 꺼져 쓰레기 자식	너 같은 바운티 헌터한테{n}먹일 술 같은 건 없어! 꺼져 이 자식
509:0191	508:0225	너 같은 바운티 헌터한테{n}먹일 술 따윈 없어! 꺼져, 쓰레기 자식아	너 같은 바운티 헌터한테{n}먹일 술 같은 건 없어! 꺼져 이 자식
507:0239	508:0226	{6:25}님이 쏘는 거다.{n}뭐든 좋아하는 술을 말해 봐!	{6:25} 씨가 사는 거다.{n}아무거나 원하는 술 말해 봐!
509:0192	508:0226	{6:25} 씨가 쏜다.{n}뭐든 좋아하는 술을 말해 봐!	{6:25} 씨가 사는 거다.{n}아무거나 원하는 술 말해 봐!
507:0240	508:0227	너한테 할 말 따윈 없어!	너한테 할 말 같은 거 없어!
509:0193	508:0227	너한테 할 말 따윈 없어!	너한테 할 말 같은 거 없어!
507:0243	508:0223	네놈! 바운티 헌터!{n}나한테 가까이 오지 마!{n}뭐 하러 온 거야 이 망할 자식이{n}젠장, 토할 것 같아 우게게게게ー	이 자식! 바운티 헌터!{n}나한테 가까이 오지 마!{n}뭐 하러 온 거냐 이 개자식이{n}젠장, 토할 것 같아 우게게게ー
509:0189	508:0223	이놈! 바운티 헌터!{n}나한테 다가오지 마!{n}뭐 하러 온 거야, 이 똥덩어리가{n}젠장, 토할 것 같아 우웨게게게ー	이 자식! 바운티 헌터!{n}나한테 가까이 오지 마!{n}뭐 하러 온 거냐 이 개자식이{n}젠장, 토할 것 같아 우게게게ー
507:0256	508:0837	전투를 회피하려면{n}{9:0} 포인트가 필요합니다{n}괜찮습니까?	전투를 회피하려면{n}{9:0}포인트가 필요합니다{n}그러시겠습니까？
509:0210	507:0271	정말 그렇습니다…{n}근데 {6:29}는 {6:3}가 탈주해 준 게{n}속으로는 다행이라 여기시는 거 아닙니까?	정말 그렇습니다…{n}하지만 {6:29}님은 {6:3}가 탈주해 줘서{n}내심 안도하고 계신 게 아닙니까?
509:0211	507:0272	음음…{n}과연 {6:28}로군… 머리가 좋아.{2}{7}그 {6:3}라는 괴물을 내 섬에{n}들이는 건 아무래도 내키지 않았네.{n}설령 즉시 카본형에 처한다 해도 말이야	음음…{n}역시 {6:28}구나…머리가 좋군.{2}{7}그 {6:3}라는 괴물을 내 섬에{n}들이는 건 영 내키지 않거든.{n}설령 즉시 카본형에 처한다 해도 말이야
509:0212	507:0273	{6:29}답지 않게 드물게 약한 소리를 하시는군요	{6:29}님답지 않게 드물게 약한 말씀이시군요
507:0285	508:0256	넷	네
509:0226	508:0256	넷	네
507:0289	508:0282	왜 그러나?!	무슨 일이냐?!
507:0302	508:0296	오, 신입인가?{n}{6:30}님께 인사는 드렸나?{2}{7}혹시나 해서 말해 두는데{n}{6:30}님이란 저기 계신{n}호랑이 같은 훌륭한 모습을 하신 분이다{n}그리고 우리 JLO의 리더이시다{2}{7}이건 비밀이다!{n}누구한테도 말하면 안 돼!{n}하지만 너희 신입들한테 안 알려 주면{n}인사도 못 할 테니까 말이야	오 신입인가?{n}{6:30}님께 인사는 드렸나?{2}{7}만약을 위해 말해 두는데{n}{6:30}님은 거기 계신{n}호랑이 같은 늠름한 모습을 한 분이다{n}그리고 우리 JLO의 리더시다{2}{7}이건 비밀이다!{n}아무한테도 말하면 안 돼!{n}하지만 너희 신입들한테 안 가르쳐 주면{n}인사도 못 하니까 말이지
507:0303	508:0297	감옥성으로 가는 열쇠를 주지	감옥성에 가는 열쇠를 주마
507:0305	508:0299	정말로 이 액체는{n}생명을 가지고 있는 건가?	정말로 이 액체는{n}생명을 지니고 있는 건가?
507:0306	508:0300	엄밀히 말씀드리면{n}이 액체만으로는 생명체라고{n}할 수 없을 겁니다…{2}{7}다만 뭔가 다른 DNA 생물체와{n}융합시킴으로써 지금까지 없던{n}생명체가 탄생하지 않을까 하고…	엄밀히 말하면{n}이 액체만으로는 생명체라고{n}할 수 없을 겁니다…{2}{7}다만 다른 DNA 생물체와{n}융합시키면 지금까지 없던{n}생명체가 탄생하지 않을까…
507:0314	508:0308	빌라늄에서 생명을 만들어 내다니{n}…누구도 생각 못 했겠지…	비라니움에서 생명을 만들어 내다니{n}…아무도 생각 못 할 거야…
507:0345	508:0871	무슨 소리야?	무슨 소리야？
517:0203	508:0871	무슨 뜻이야？	무슨 소리야？
507:0352	508:0699	뭐야	뭐냐
507:0370	508:0834	어이쿠 이거 바운티 헌터 나리{n}{8:32}{20:33}우리는 덱스칼리버 감옥성의{n}질서를 지키는 탭가드 3인조다{n}{8:33}{20:34}사람들이 부르길 팀 탭가드다	어이쿠 이거 바운티 헌터 씨{n}{8:32}{20:33}우리는 덱스캘리버 감옥성의{n}질서를 지키는 탭가드 3인조다{n}{8:33}{20:34}사람들이 부르길 팀 탭가드다
507:0371	508:0835	침입자는 전부 지옥으로 보낸다	침입자는 모조리 지옥으로 보낸다
507:0372	508:0836	부후우와 싸우시겠습니까?	부후우와 싸우겠습니까？
507:0373	508:0839	{6:2}, 이놈들은 한 명 쓰러뜨려도{n}체력을 회복시킬 틈도 없이 연달아{n}덮쳐 온다! 전원을 쓰러뜨릴 때까지{n}체력이 버티도록 조심해서 싸워라!	{6:2} 이놈들은 하나 처치해도{n}체력을 회복할 틈도 없이 연달아{n}덤벼든다！ 전원을 처치할 때까지{n}체력이 버티도록 조심해서 싸워라！
507:0374	508:0840	2번 타자 {6:32}, 갑니다	2번 타자 {6:32} 갑니다
507:0375	508:0841	역시 바운티 헌터{n}{6:19} 녀석들과는 격이 달라{n}오랜만에 손맛 나는 전투를{n}할 수 있을 것 같군, 간다!	역시 바운티 헌터{n}{6:19} 녀석들과는 레벨이 다르군{n}오랜만에 손맛 나는 전투를{n}할 수 있을 것 같군 간다！
507:0376	508:0842	덱스칼리버 감옥성{n}보안 스태프{n}팀 탭가드인가…{2}{7}아이돌 쫓아다니기로{n}유명한 녀석들이군…{n}포키・로즈의 실사 사진,{n}갖고 싶지 않나?	덱스캘리버 감옥성{n}시큐리티 스태프{n}팀 탭가드인가…{2}{7}아이돌 쫓아다니는 걸로{n}유명한 녀석들이지…{n}포키 로즈의 생사진、{n}갖고 싶지 않아？
507:0377	508:0843	포키・로즈의 실사 사진?!{n}{8:32}{20:33}지금 가지고 있는 거야?!{n}{8:33}{20:34}여길 통과시키면 주는 거지?!{n}좋아 통과해!	포키 로즈의 생사진！？{n}{8:32}{20:33}지금 갖고 있는 거냐！？{n}{8:33}{20:34}여길 통과시켜 주면 주는 거지！？{n}좋아 통과해라！
507:0379	508:0845	헤이 자네{n}낯선 얼굴인데 누구지{n}신입인가 그렇지 왜냐면 나{2}{7}여기 10년 있었는데{n}인사한 적 없거든{n}그러니 역시 죽어 줘야겠어{2}{7}헤이헤이헤이헤이{n}좋잖아 좋잖아 죽으면 되잖아	헤이 너{n}낯선 얼굴이네 누구지{n}신입인가 그렇지 왜냐면 나{2}{7}여기 10년 있었는데{n}인사한 적 없거든{n}그러니까 역시 죽어 줘야겠어{2}{7}헤이헤이헤이헤이{n}좋잖아 좋잖아 죽으면 되잖아
507:0380	508:0846	{6:34}와 싸우시겠습니까?	{6:34}와 싸우겠습니까？
507:0381	508:0847	좋아, 그럼{n}여긴 나한테 맡겨{n}{6:19} 넘버 1099의 8322 {6:34}!{n}…	좋아 그럼{n}여긴 나한테 맡겨 둬{n}{6:19} 넘버 1099의 8322 {6:34}！{n}…
507:0382	508:0848	잠깐! 당신 10년 전{n}홀연히 모습을 감춘{n}천재 뮤지션{n}{6:34} 아니야?!	잠깐 기다려！ 당신 10년 전{n}홀연히 자취를 감춘{n}천재 뮤지션{n}{6:34} 아니야！？
507:0383	508:0849	이거 놀랍군 헤이 브라더{n}날 알고 있는 거야?	이거 놀랍군 헤이 브라더{n}이 나를 아는 거야
507:0384	508:0850	당신을 모르면 가짜지!{n}그건 그렇고 대체{n}왜 이런 데…	당신을 모르면 아마추어지！{n}그건 그렇고 대체{n}왜 이런 데…
507:0385	508:0851	헤이헤이 지루한 얘기야{n}이미 잊었어 이런 제길{n}당국의 개를 다진 고기로 만들 수 있다고{n}생각했는데{2}{7}이제 가, 배드가이{n}분명 나중에 가면{n}여기서 죽는 게 행운이었다고{n}생각하게 될 거야…	헤이헤이 지루한 얘기지{n}이미 잊었어 어처구니없군{n}당국의 개를 다진 고기로 만들 수 있다고{n}생각했는데{2}{7}이제 가라 배드 가이{n}분명 나중이 되면{n}여기서 죽었으면 운이 좋았다고{n}생각하게 될 테지만 말이야…
507:0386	508:0852	우가가ー{n}기로ー 기로ー{n}치미ー 하아하아하아	으가가ー{n}기로ー 기로ー{n}치미ー 하아하아하아
507:0387	508:0853	{6:35}과 싸우시겠습니까?	{6:35}와 싸우겠습니까？
507:0388	508:0854	{6:2}, 진정해…{n}잠시 상황을 지켜보자…	{6:2}, 진정해…{n}잠시 상황을 지켜보는 거다…
507:0389	508:0855	봐? 이 녀석, 우리가{n}먼저 손대지 않으면 전혀{n}무섭지 않아. 가자 {6:2}	그치？ 이 녀석 이쪽에서{n}손을 대지 않으면 무섭지도 아무렇지도{n}않아。 가자고 {6:2}
507:0390	508:0856	뭐가 봐? 야 이 바보💢!{n}네놈, 아무것도 안 했잖아{n}포인트 돌려줘!	뭐가 그치냐 이 바보💢！{n}네놈 아무것도 안 했잖아ー{n}포인트 돌려줘！
507:0394	508:0861	덱스칼리버 감옥성에{n}일부러 침입해 오다니 어지간한 호사가로군.{n}게다가 그 차림새는 바운티 헌터.{2}{7}죄인을{n}이 섬으로 보내는 것만으로는 성에 안 차서{n}스스로의 손으로 사형을 집행하러 왔나?{2}{7}하지만{n}여긴 여기만의 규칙이 있다.{n}그건 살아남는 자만이 살 수 있다는 것…{n}그뿐이다. 앞으로 나와라 바운티 헌터	덱스캘리버 감옥성에{n}일부러 침입해 오다니 어지간한 별종。{n}게다가 그 차림새는 바운티 헌터。{2}{7}죄인을{n}이 섬으로 보내는 것만으로는 성에 안 차서{n}스스로의 손으로 사형을 집행하러 왔나？{2}{7}하지만{n}여기는 여기만의 룰이 있다。{n}그건 살아남는 자만이 살 수 있다는 것…{n}그뿐이다。 앞으로 나와라 바운티 헌터
507:0424	508:1061	이 문은 지하 광산으로 통하는 비밀 통로{n}우리 JLO의 톱 시크릿이지{n}비밀이라고！ 나는 그 수위인 셈이야{n}{6:30}님 허락이 없으면 못 열어	이 문은 지하 광산으로 가는 비밀 통로{n}우리 JLO의 극비야{n}비밀이라고! 나는 그 경비지{n}{6:30}님 허가 없이는 안 열어 줘
507:0556	508:0372	어！？	에!?
507:0560	508:1098	죽어 있습니다.{n}몹시 지친 듯한 죽은 얼굴입니다.	죽어 있습니다.{n}지친 듯한 죽은 얼굴입니다.
507:0588	508:1088	이쪽 검에는 라비안 문자가{n}새겨져 있어. 게다가 이 장미 문양{n}…이건 라비안 기사가 아니면{n}뽑을 수 없는 거 아닐까	이쪽 검은 라비안 문자가{n}새겨져 있어, 게다가 이 장미 모양……{n}…이건 라비안 기사가 아니면{n}뽑을 수 없는 거 아닐까
507:0601	508:1111	{6:2} 방심하지 마, 함정일지도 몰라{n}너, {6:19}한테 원한을 사고 있잖아	{6:2}, 방심하지 마, 함정일지도 몰라{n}너{6:19}한테 원한을 사고 있잖아
509:0397	507:0660	죽어 있다。 자세히 보니 온몸에{n}자잘한 구멍이 나 있다。	죽어 있다. 자세히 보니 온몸에{n}자잘한 구멍이 뚫려 있다.
507:0684	508:0389	제법 신경을 긁는 말투{n}해 주는군	꽤나 신경 거슬리는 말투로{n}말해 주는군
507:0685	508:0390	바운티 헌터가{n}이런 데서 뭘 하는 거야	바운티 헌터가{n}이런 데서 뭐 하는 거야
507:0686	508:0391	너랑은 상관없어.{n}너야말로 뭘 하는 거냐	너랑은 상관없어.{n}너야말로 뭐 하는 거냐
507:0772	508:0630	이봐！ {6:2} 봐！	어이！ {6:2} 봐라！
507:0776	508:0634	나야 {6:42}다… 어서 오십시오{n}와 주셔서 감사합니다 {6:2}・야 씨{n}뭐 느긋하게 있다 가게{n}쌓인 얘기도 잔뜩 있으니까	나다 {6:42}다… 잘 왔다{n}와 주셨구나 {6:2}・야 씨{n}자 느긋하게 있다 가라{n}쌓인 이야기도 잔뜩 있으니까
507:0777	508:0635	아ー！ 이럴 때에…{n}너한테 신경 쓸 틈 없어	칵！ 이럴 때…{n}너한테 신경 쓸 틈 없어
507:0778	508:0636	네 동생은 {6:46}이라는 이름이지	네 동생은 {6:46}라는 이름이지
507:0779	508:0637	어떻게 아는 거야	왜 알고 있는 거지
507:0780	508:0638	게다가 귀여운 애인까지{n}있는 모양이군	게다가 귀여운 애인까지{n}있는 모양이더군
507:0781	508:0639	{6:54}를 말하는 거냐{n}너 묘하게 잘 아는군	{6:54} 얘기냐{n}너 무지하게 잘 아는군
507:0783	508:0641	네놈！ 내 동생에 대해 뭔가 알고 있구나！	이 자식！ 뭔가 동생에 대해 알고 있구나！
509:0347	507:0833	당신도 면회 온 거요?{n}…뭔가 큰일이 난 것 같은데.{n}오늘은 면회가 허락되는 일 년에 한 번뿐인 날인데…{n}경비가 아주 삼엄하네…	당신도 면회인인가？{n}…뭔가 큰일이 난 모양이야.{n}오늘은 면회가 허락되는 일 년에 한 번뿐인 날인데…{n}굉장히 삼엄한 경비잖아…
509:0348	507:0834	분명 뭔가 비상사태가{n}일어난 게 틀림없어	분명 무슨 비상사태가{n}일어난 게 틀림없어
509:0349	507:0835	으으으…{n}모처럼 아들을 볼 수 있을 거라고 생각해서 왔는데…	으으으…{n}모처럼 아들을 만날 수 있다고 생각해서 왔는데…
507:0836	508:1004	이봐！ 헌터 양반！ 무슨 일이 있었던 거야！{n}뭔가{6:3}이 어쨌다 저쨌다 하던데…{n}경비대 놈들이 엄청 소란이야！{n}{6:3}이 뭔데！ 대체 뭐야 이봐！？	이봐! 헌터 양반! 무슨 일이 있었던 거야!{n}뭔가{6:3}가 어쩌고저쩌고……{n}경비대 녀석들이 엄청 소란이던데!{n}{6:3}가 대체 뭐야! 뭐 하는 놈이야, 어이!?
509:0350	508:1004	이봐! 헌터 양반! 무슨 일이야!{n}뭔가 {6:3}가 어쩌고저쩌고 하던데…{n}경비대 놈들이 아주 난리라고!{n}{6:3}가 대체 뭔데! 뭐 하는 놈이야, 어이!?	이봐! 헌터 양반! 무슨 일이 있었던 거야!{n}뭔가{6:3}가 어쩌고저쩌고……{n}경비대 녀석들이 엄청 소란이던데!{n}{6:3}가 대체 뭐야! 뭐 하는 놈이야, 어이!?
507:0837	508:1005	당신, 여긴 처음이야？{n}담배, 가지고 있어？{2}{7}감옥 안엔 돈이 없으니까{n}뭔가 원하면 물물교환이야{n}쓸모 있는 건 담배랑{n}술병이랑 잡지지	당신, 여기 처음이야?{n}시가렛 갖고 있어?{2}{7}감옥 안엔 돈이 없으니까{n}뭔가 갖고 싶으면 물물교환이지{n}쓸모 있는 건 시가렛이랑{n}보틀이랑 매거진이지
509:0351	508:1005	당신, 여긴 처음이야?{n}담배 갖고 있어?{2}{7}감옥 안에서는 돈이 없으니까{n}뭔가 갖고 싶으면 물물교환이지{n}쓸모 있는 건 담배랑{n}술이랑 잡지야	당신, 여기 처음이야?{n}시가렛 갖고 있어?{2}{7}감옥 안엔 돈이 없으니까{n}뭔가 갖고 싶으면 물물교환이지{n}쓸모 있는 건 시가렛이랑{n}보틀이랑 매거진이지
507:0846	508:1022	바, 바운티 헌터！？{n}왜 헌터가 이 섬에！？{n}누굴 쫓고 있는 거야？{2}{7}난 이제 나쁜 짓 안 해 게다가 말이야{n}모범수라서 이 마을을 자유롭게 드나들 수 있지{2}{7}헤헤헤 모범수가 되면{n}여기서 일도 할 수 있어{n}우리는 마을 청소 담당이야{2}{7}오늘은{6:29}의 생일이니까{n}나랑{6:20}가 이 마을 청소를{n}하고 있는 거야 먼지 하나라도 떨어져 있으면{n}{6:29}이 시끄러우니까…	바, 바운티 헌터!?{n}왜 헌터가 이 섬에!?{n}누굴 쫓고 있는 거야?{2}{7}나는 이제 나쁜 짓 안 해, 게다가 말이야{n}모범수니까 이 마을에 자유롭게 드나들 수 있어{2}{7}헤헤헤, 모범수가 되면{n}여기서 일도 할 수 있어{n}우리는 마을 청소 담당이야{2}{7}오늘은{6:29}의 생일이니까{n}나랑{6:20}가 이 마을 청소를{n}하고 있는 거야, 먼지 하나라도 떨어져 있으면{n}{6:29}가 잔소리하니까……
509:0361	508:1022	바, 바운티 헌터!?{n}왜 헌터가 이 섬에!?{n}누굴 쫓고 있는 거야?{2}{7}난 이제 나쁜 짓 안 해, 게다가{n}모범수라서 이 마을을 자유롭게 드나들 수 있다고{2}{7}헤헤헤, 모범수가 되면{n}여기서 일도 할 수 있지{n}우리는 마을 청소 담당이거든{2}{7}오늘은 {6:29}의 생신이라{n}나랑 {6:20}이 이 마을 청소를{n}하고 있는 거야. 먼지 하나라도 떨어져 있으면{n}{6:29}가 시끄러우니까…	바, 바운티 헌터!?{n}왜 헌터가 이 섬에!?{n}누굴 쫓고 있는 거야?{2}{7}나는 이제 나쁜 짓 안 해, 게다가 말이야{n}모범수니까 이 마을에 자유롭게 드나들 수 있어{2}{7}헤헤헤, 모범수가 되면{n}여기서 일도 할 수 있어{n}우리는 마을 청소 담당이야{2}{7}오늘은{6:29}의 생일이니까{n}나랑{6:20}가 이 마을 청소를{n}하고 있는 거야, 먼지 하나라도 떨어져 있으면{n}{6:29}가 잔소리하니까……
507:0847	508:1023	바운티 헌터！{n}당신들 때문에 우리 아들이{n}이런 곳에서 평생 있어야 한다고！{2}{7}이 빌어먹을 놈들…{n}부끄러운 줄 알아 부끄러운 줄을！{n}돈을 위해서라면 뭐든 하다니！	바운티 헌터!{n}당신들 때문에 우리 아들이{n}이런 데서 평생 있어야 하잖아!{2}{7}이 빌어먹을 놈아……{n}부끄러운 줄 알아 부끄러운 줄!{n}돈을 위해서라면 뭐든지 하다니!
509:0362	508:1023	바운티 헌터!{n}당신들 때문에 우리 아들이{n}이런 데서 평생을 보내야 하잖아!{2}{7}이 빌어먹을 놈이…{n}부끄러운 줄 알아, 부끄러운 줄을!{n}돈을 위해서라면 뭐든 하는 놈 같으니!	바운티 헌터!{n}당신들 때문에 우리 아들이{n}이런 데서 평생 있어야 하잖아!{2}{7}이 빌어먹을 놈아……{n}부끄러운 줄 알아 부끄러운 줄!{n}돈을 위해서라면 뭐든지 하다니!
507:0848	508:1024	담배 가지고 있어？{n}담배 하나로 재밌는 얘기를{n}알려 줄게	시가렛 갖고 있어?{n}시가렛 하나에 재밌는 얘기를{n}가르쳐 주지
509:0363	508:1024	담배 갖고 있어?{n}담배 한 개비 주면 재밌는 얘기를{n}알려 주지	시가렛 갖고 있어?{n}시가렛 하나에 재밌는 얘기를{n}가르쳐 주지
507:0850	508:1027	쳇 째째한 녀석이군	쳇, 쪼잔한 놈이군
509:0365	508:1027	쳇, 쩨쩨한 녀석이네	쳇, 쪼잔한 놈이군
507:0851	508:1028	뭐야？ 담배도 없는 거야？{n}쳇 궁상맞은 녀석이군	뭐야? 시가렛도 없어?{n}쳇, 변변찮은 놈이군
509:0366	508:1028	뭐야? 담배도 없어?{n}쳇, 볼품없는 녀석이네	뭐야? 시가렛도 없어?{n}쳇, 변변찮은 놈이군
507:0852	508:1029	으앙ー 엉엉 미안해요ー{n}무서웠어ー 엉엉{n}다신 안 그럴게요 엉엉{n}미안해요 엉엉	으앙~ 엉엉 죄송해요~{n}무서웠어요~ 엉엉 엉엉{n}다시는 안 그럴게요 엉엉 엉엉{n}죄송해요 엉엉 엉엉
509:0367	508:1029	으아앙 으앙 죄송해요ー{n}무서웠어요ー 으앙 으앙{n}다신 안 그럴게요 으앙 으앙{n}죄송해요 으앙 으앙	으앙~ 엉엉 죄송해요~{n}무서웠어요~ 엉엉 엉엉{n}다시는 안 그럴게요 엉엉 엉엉{n}죄송해요 엉엉 엉엉
507:0853	508:1030	{6:43}에게 무슨 짓을 하려던 거예요？{n}그러고도 바운티 헌터예요？{n}이런{6:43}에게 손찌검을 하다니{n}범죄자보다 못해요 최악이에요！	{6:43}한테 무슨 짓을 할 생각이었어요?{n}그러고도 바운티 헌터예요?{n}이런{6:43}에게 손을 대다니{n}범죄자만도 못해요, 최악이에요!
509:0368	508:1030	{6:43}한테 무슨 짓을 하려던 거예요?{n}그러고도 바운티 헌터예요?{n}이런 {6:43}한테 손을 대다니{n}범죄자만도 못해요, 최악이에요!	{6:43}한테 무슨 짓을 할 생각이었어요?{n}그러고도 바운티 헌터예요?{n}이런{6:43}에게 손을 대다니{n}범죄자만도 못해요, 최악이에요!
507:0854	508:1031	여기서부터는 제이라즈 감옥이다.{n}아무리 바운티 헌터라 해도{n}들어갈 수 없다.{n}자 돌아가, 돌아가	여기서부터는 제이라즈 감옥이다.{n}아무리 바운티 헌터라 해도{n}들어갈 수 없다.{n}자, 돌아가 돌아가
509:0369	508:1031	여기서부터는 제이라즈 감옥이다.{n}아무리 바운티 헌터라 해도{n}들어갈 수 없다.{n}자, 가, 가	여기서부터는 제이라즈 감옥이다.{n}아무리 바운티 헌터라 해도{n}들어갈 수 없다.{n}자, 돌아가 돌아가
507:0856	508:1033	범죄를 저지르면 바로 통과시켜 드리죠{n}해피 버스데이 {6:4}！{n}오늘은 경사스러운{6:29}의 생일{n}해피 해피{2}{7}…이렇게 축하하는 척하지 않으면{n}죽임당하고 말아	범죄를 저지르면 바로 통과시켜 주지{n}해피 버스데이{6:4}!{n}오늘은 경사스러운{6:29}의 생일{n}해피 해피{2}{7}…이렇게 축하하는 척이라도 안 하면{n}죽임당할 거야
509:0371	508:1033	범죄를 저지르면 바로 통과시켜 드리죠{n}해피 버스데이 {6:4}!{n}오늘은 경사스러운 {6:29}의 생신{n}해피 해피{2}{7}…이렇게 축하하는 척이라도 안 하면{n}죽임당한다고	범죄를 저지르면 바로 통과시켜 주지{n}해피 버스데이{6:4}!{n}오늘은 경사스러운{6:29}의 생일{n}해피 해피{2}{7}…이렇게 축하하는 척이라도 안 하면{n}죽임당할 거야
507:0858	508:1034	이 제이시티를 주무르고 있는 건{n}모범수{6:25}다. {6:25}는 종신형이지만{n}{6:29}에게 빌붙어서 제이시티의 치안 담당이{n}됐어. 비열한 놈이지{2}{7}다들 가는 폰노 술집을{n}항상 전세 낸 셈 치고 있다고{n}지금도 분명 거기 있을 거야	이 제이시티를 쥐고 흔드는 건{n}모범수인{6:25}야.{6:25}는 종신형이지만{n}{6:29}에게 아부해서 제이시티 치안 담당이{n}돼 버렸지. 비열한 놈이야{2}{7}다들 즐겨 가는 폰노 술집을{n}항상 통째로 빌린 기분으로 있어{n}지금도 분명 거기 있을걸
509:0372	508:1034	이 제이시티를 주무르는 건{n}모범수인 {6:25}야. {6:25}는 종신형이지만{n}{6:29}한테 빌붙어서 제이시티 치안계가{n}됐어. 비열한 놈이지{2}{7}모두의 선술집을{n}항상 통째로 빌린 기분으로 구는 놈이야{n}지금도 분명 거기 있을걸	이 제이시티를 쥐고 흔드는 건{n}모범수인{6:25}야.{6:25}는 종신형이지만{n}{6:29}에게 아부해서 제이시티 치안 담당이{n}돼 버렸지. 비열한 놈이야{2}{7}다들 즐겨 가는 폰노 술집을{n}항상 통째로 빌린 기분으로 있어{n}지금도 분명 거기 있을걸
507:0859	508:1035	아까 파란 옷을 입은 여자가{n}바람처럼 마을을 가로질러 갔어…{n}그런 기분이 들었어…{2}{7}대체 뭐였을까…딸꾹{n}환상이었나？ 좀 스트레스 같은 게{n}너무 쌓인 건가	아까 파란 옷을 입은 여자가{n}바람처럼 마을을 가로질러 갔어……{n}그런 느낌이 들었어……{2}{7}대체 뭐였을까…… 히끅{n}환상이었나? 스트레스가 좀{n}쌓인 건가
507:0861	508:1036	문 너머에서 호통을 들었습니다.	문 너머에서 고함을 질렀습니다.
509:0374	508:1036	문 너머에서 고함을 들었습니다.	문 너머에서 고함을 질렀습니다.
507:0862	508:1037	술 취한 놈은 사절이다！	취객은 사절이다!
509:0375	508:1037	취객 사절이다!	취객은 사절이다!
507:0865	508:1039	지금 중요한 얘기하는 중이야！{n}꺼져！	지금 중요한 얘기 하고 있다고!{n}꺼져!
507:0866	508:1040	초대{6:4}는{n}섬기던 전 영주를 배신하고{n}이 섬을 손에 넣었다지.{n}3대째라고 해 봤자 뭐 벼락출세지{2}{7}그에 비하면 나는 말이야{n}300년 전까지 거슬러 올라가는 명가 출신이다{n}시대가 시대였다면 너희 헌터 따위{n}근처에도 못 오게 했을…아얏！	초대{6:4}는{n}모시던 전 영주를 배신하고{n}이 섬을 손에 넣었다지.{n}3대째라고 해도 뭐, 벼락출세한 거지{2}{7}그 점에서 나 같은 건{n}300년 전까지 거슬러 올라가는 명가 출신이야{n}세상이 세상이면 너희 헌터 같은 건{n}발밑에도 못 올 텐데……앗!
509:0378	508:1040	초대 {6:4}는{n}모시던 전 영주를 배신하고{n}이 섬을 손에 넣었다지.{n}3대째라지만 뭐, 벼락출세한 거지{2}{7}그에 비하면 나는{n}300년 전까지 거슬러 올라가는 명문가 출신이야{n}세상이 세상이었다면 너희 헌터 따위는{n}가까이 오지도 못하게 했을… 아얏!	초대{6:4}는{n}모시던 전 영주를 배신하고{n}이 섬을 손에 넣었다지.{n}3대째라고 해도 뭐, 벼락출세한 거지{2}{7}그 점에서 나 같은 건{n}300년 전까지 거슬러 올라가는 명가 출신이야{n}세상이 세상이면 너희 헌터 같은 건{n}발밑에도 못 올 텐데……앗!
507:0867	508:1041	💢나는 너처럼{n}변변찮은 주제에 부모나 조상{n}자랑하는 녀석이 제일 싫어！	💢나는 네놈 같은{n}쓸모없는 주제에 부모나 선조를{n}자랑하는 놈이 제일 싫어!
509:0379	508:1041	💢나는 너 같은{n}변변찮은 주제에 부모나 선조{n}자랑하는 놈이 제일 싫어!	💢나는 네놈 같은{n}쓸모없는 주제에 부모나 선조를{n}자랑하는 놈이 제일 싫어!
507:0868	508:1042	{6:2} 부모님이랑 무슨 일 있었어？{n}싸우고 있는 거야？	{6:2}, 부모님이랑 무슨 일 있었어?{n}싸운 거야?
509:0380	508:1042	{6:2}, 부모님이랑 무슨 일 있었어?{n}싸웠어?	{6:2}, 부모님이랑 무슨 일 있었어?{n}싸운 거야?
507:0870	508:0494	어？	네?
509:0382	508:0494	어?	네?
507:0872	508:1045	정말이지 마음에 안 든다고{n}때릴 것까지야 없는데…{n}이래서 밑바닥 출신은…{n}…아차 아니 그…우물우물…	정말이지, 맘에 안 든다고{n}때리고 그럴 건 없잖아……{n}그러니까 하류 출신은……{n}…아차, 이런 아니 그게, 우물우물……
509:0384	508:1045	정말이지, 마음에 안 든다고{n}때릴 것까진 없잖아…{n}그러니까 천한 집안 출신은…{n}…앗, 아니 그게, 우물우물…	정말이지, 맘에 안 든다고{n}때리고 그럴 건 없잖아……{n}그러니까 하류 출신은……{n}…아차, 이런 아니 그게, 우물우물……
507:0873	508:1046	아아, 일 년에 하루뿐이라지만{n}가족 단란이라는 건 좋은 거군요{2}{7}저는 이 섬에{n}혼자 와 있어서, 가족을 만날 수 있는 건{n}{6:19}와 마찬가지로 오늘뿐이에요{n}당신도 가족 중 누군가를 면회하러 오셨나요？	허허, 1년에 하루뿐이라지만{n}가족 단란이라는 건 좋은 거지요{2}{7}저, 이 섬에는{n}혼자서 왔으니까요, 가족을 만날 수 있는 건{n}{6:19}와 마찬가지로 오늘뿐이에요{n}당신도 가족 중 누군가를 만나러 온 건가요?
509:0385	508:1046	아이고, 일 년에 하루뿐이지만{n}가족끼리 단란한 거, 참 좋네요{2}{7}저는 이 섬에{n}혼자 와 있어서 가족을 만날 수 있는 건{n}{6:19}들과 마찬가지로 오늘뿐이에요{n}당신도 가족 중 누군가를 면회하러 왔어요?	허허, 1년에 하루뿐이라지만{n}가족 단란이라는 건 좋은 거지요{2}{7}저, 이 섬에는{n}혼자서 왔으니까요, 가족을 만날 수 있는 건{n}{6:19}와 마찬가지로 오늘뿐이에요{n}당신도 가족 중 누군가를 만나러 온 건가요?
507:0874	508:1047	나한테 가족은 없어	나한테 가족 같은 거 없어
509:0386	508:1047	나한텐 가족 없어	나한테 가족 같은 거 없어
507:0875	508:1048	그, 그건 실례되는 걸{n}여쭤봤네요 용서해 주세요	그, 그거 실례되는 질문을{n}드렸군요, 용서해 주세요
509:0387	508:1048	그, 그거 실례되는 걸{n}물었네요 용서해 주세요	그, 그거 실례되는 질문을{n}드렸군요, 용서해 주세요
507:0876	508:1049	아빠, 이 사람 누구야？ 무서운 사람？	아빠, 이 사람 누구야? 무서운 사람?
509:0388	508:1049	아빠~ 이 사람 누구야? 무서운 사람?	아빠, 이 사람 누구야? 무서운 사람?
507:0877	508:1050	아, 아니…{n}그냥 같이 안 사는 것뿐이야…{n}신경 쓰지 마	아, 아니……{n}같이 안 산다 뿐이지……{n}신경 쓰지 마
509:0389	508:1050	아, 아니야…{n}그냥 같이 안 산다는 것뿐이야…{n}신경 쓰지 마	아, 아니……{n}같이 안 산다 뿐이지……{n}신경 쓰지 마
507:0878	508:1051	네 녀석ー{n}{6:43}ー	당신……{n}{6:43}……
509:0390	508:1051	너ーー{n}{6:43}ーー	당신……{n}{6:43}……
507:0879	508:1052	당신ー	여보……
509:0391	508:1052	당신ーー	여보……
507:0880	508:1053	아빠ー	아빠……
509:0392	508:1053	아ーー빠ーー	아빠……
507:0882	508:1055	죽지 않았습니다.{n}취해서 잠든 것 같습니다.	죽은 게 아닙니다.{n}취해서 자고 있는 것 같습니다.
509:0394	508:1055	죽지 않았습니다。{n}술에 취해 잠든 것 같습니다。	죽은 게 아닙니다.{n}취해서 자고 있는 것 같습니다.
507:0883	508:1056	우물우물…{n}지하 광산…강제 노동…{n}…으으…	냠냠…… {n}지하 광산…… 강제 노동…… {n}…으으……
509:0395	508:1056	우물우물…{n}지하 광산…강제 노동…{n}…으으…	냠냠…… {n}지하 광산…… 강제 노동…… {n}…으으……
507:0884	508:1057	우물우물…{n}이제 못 먹겠어요…	냠냠……{n}이제 못 먹어요……
509:0396	508:1057	우물우물…{n}이제 못 먹어요…	냠냠……{n}이제 못 먹어요……
507:0886	508:1065	나는 남의 행복 따위{n}아무래도 상관없어. 나만 좋으면{n}누가 어떻게 되든 상관없다고.{n}…그래서 이 섬에 온 거지만.{2}{7}근데 {6:30}님이라는 녀석이{n}억지로 나를 JLO에 끌어들였어{n}젠장 {6:30}님이라는 녀석…{n}말 안 들으면 때린다니까	나는 다른 사람 행복 같은 거{n}아무래도 상관없어. 나만 좋으면{n}누가 어떻게 되든 상관없다고.{n}…그래서 이 섬에 온 건데 말이야{2}{7}근데{6:30}님이라는 녀석이{n}나를 억지로 JLO에 끌어들인 거야{n}제기랄{6:30}님 자식……{n}말을 안 들으면 때린단 말이지
507:0887	508:1066	옛날에는 빵도 옷도 잔뜩 있어서{n}사람들끼리 빼앗지 않아도{n}살아갈 수 있는 그런 꿈같은 시대가{n}있었다고 하더라…{2}{7}정말일까? 그렇다면 왜{n}그건 끝나버린 거지?{n}만약 그런 시대에 태어났다면…{n}나는 범죄자가 되지 않았을지도…	옛날엔 빵도 옷도 잔뜩 있어서{n}인간끼리 서로 빼앗지 않아도{n}살아갈 수 있는, 그런 꿈같은 시대가{n}있었다더군……{2}{7}정말일까? 그렇다면 왜{n}그게 끝나 버린 거지?{n}만약 그런 시대에 태어났더라면……{n}나는 범죄자가 안 됐을지도…… 몰라
507:0888	508:1067	바운티 헌터 자식…{n}약한 녀석들 편을 들다니…{n}너희만 없으면{n}이 세상은 범죄자의 천국일 텐데…{2}{7}그렇게 되면 누굴 봉으로 삼냐고?{n}…그렇군. 그거 일리 있네.	바운티 헌터 놈……{n}약한 녀석들 편을 들고 말이야……{n}네놈들만 없었으면{n}이 세상은 범죄자들의 천국일 텐데……{2}{7}그렇게 되면 누굴 먹잇감으로 삼냐고?{n}…그렇군. 그것도 맞는 말이네
507:0889	508:1068	같은 JLO 동료라도{n}나는 {6:56}이나 {6:39} 같은 녀석들은{n}닥치는 대로 날뛰니까 좋아할 수가 없어{2}{7}{6:56}이나 {6:39}의 이름을 들으면{n}바로 그 자리를 뜨는 게 좋아{n}뭔 짓을 할지 모르니까	같은 JLO 동료라도{n}나는{6:56}이랑{6:39}는{n}닥치는 대로 날뛰니까 안 좋아해{2}{7}{6:56}이랑{6:39}의 이름을 들으면{n}바로 그 자리를 떠나는 게 좋아{n}무슨 짓을 할지 모르니까
507:0895	508:1071	오, 처음 보는 얼굴이네{n}나는 {6:59}, 무섭지 않아{n}왜냐면 모범수가 돼서 밖에 나가고 싶으니까{2}{7}그래서 여기에 링을 만들어서{n}마음대로 지내고 있어{2}{7}어, 여기서 더 앞으로{n}가고 싶은 거야? 그럼 저 링에{n}해골을 하나라도 통과시키면{n}문을 열어줄게	오, 처음 보는 얼굴이네{n}나는{6:59}, 무섭지 않아{n}왜냐면 모범수가 돼서 밖에 나가고 싶으니까{2}{7}그래서 여기 링을 만들어서{n}마음대로 지내고 있는 거야{2}{7}엣, 여기서 더 앞으로{n}가고 싶다고? 그럼 저기 링에{n}해골을 하나라도 통과시키면{n}문을 열어 줄게
507:0896	508:1072	어서 해봐	빨리 해 보라고
507:0897	508:1073	네 번째 공이{n}되지 않도록 조심해	4개째 공이{n}되지 않도록
508:1074	507:0898	나한테는 약간의 예지 능력이 있어서 말이지.{n}사람의 운명이 보여. 아무래도 나와 너는{n}싸울 운명인 것 같아. 하지만 지금 여기서가 아니라{n}어딘가…… 그래, 다른 세계에서……	나한테는 약간의 예언 능력이 있어서 말이지.{n}사람의 운명이 보여. 아무래도 나와 너는{n}싸울 운명인 것 같군. 하지만 지금 여기가 아니라{n}어딘가… 그래 다른 세계에서…
507:0899	508:1075	하지만 이 세계의 너에게는{n}이게 필요하겠군 그런 장비로는{n}앞으로 도저히 살아남을 수 없을 거야	하지만 이 세계의 너에게는{n}이게 필요하겠지, 그런 장비로는{n}이 앞으로는 도저히 살아남을 수 없어
507:0900	508:1076	잊지 말고 장비해라{n}알겠지?	잊지 말고 장비해{n}알겠지?
507:0911	508:1100	여기는 센터야드{n}이 섬의 한가운데지{2}{7}우리는 모범수라서{n}여기 살 수 있는 거야 조금만 더 노력하면{n}제이시티에도 나갈 수 있어 그러니까{n}긁어 부스럼 안 만드는 게 제일이지{2}{7}뭔가 저질러서 다시 감옥성으로{n}역행이라도 하면 견딜 수가 없으니까{n}당신 일도 모르는 걸로 할 테고{n}아무한테도 말 안 할게	여기는 센터야드{n}이 섬의 한가운데야{2}{7}우리는 모범수니까{n}여기 살 수 있는 거야, 조금만 더 힘내면{n}제이시티로도 나갈 수 있어, 그러니까{n}튀지 않는 게 제일이지{2}{7}뭔가 저질러서 다시 감옥성으로{n}역행하면 못 견디니까{n}당신에 대해서도 모르고{n}아무한테도 말 안 할게
507:0912	508:1101	여기서 더 섬 안쪽까지도{n}길이 있긴 한데 큰 문이 있어서{n}좀처럼 지나갈 수 없어. 그 문은 데스게이트라고{n}불리는데… 그래 「죽음의 문」이지.{2}{7}즉 그 너머부터는{n}사형수들의 파라다이스…{n}피가 얼어붙을 것 같은 무서운 곳으로{n}이어져 있는 거야	여기서 더 섬 깊숙이도{n}길이 있는데 큰 문이 있어서{n}좀처럼 지나갈 수 없어. 그 문은 데스게이트라고{n}불리지…… 그래 「죽음의 문」.{2}{7}즉 그 너머는{n}사형수들의 파라다이스……{n}피도 얼어붙을 것 같은 무서운 곳으로{n}이어져 있어
507:0913	508:1102	데스게이트 너머에는 성이 세 개 있어{n}한가운데가 {6:52}성, 동쪽이 {6:51}성{n}그리고 서쪽에 있는 게 {6:53}성…{2}{7}낡은 성을 개조해서 사형수를{n}가둬 놓고 있지 그냥 어슬렁거리기만 해도{n}죽어버릴 것 같은 터무니없는 곳이라고{n}들었어{2}{7}지금은 몇 명이나 살아남았는지조차{n}아무도 몰라{n}어쩌면 유령밖에 없을지도…	데스게이트 너머에는 3개의 성이 있어{n}한가운데가{6:52}성, 동쪽이{6:51}성{n}그리고 서쪽에 있는 게{6:53}성……{2}{7}낡은 성을 개조해서 사형수를{n}가둬 두고 있어, 그냥 돌아다니기만 해도{n}죽어 버릴 것 같은 터무니없는 곳이라고{n}들었어{2}{7}지금 몇 명이나 살아남았는지조차{n}아무도 몰라{n}어쩌면 유령밖에 없을지도……
507:0914	508:1103	{6:52}성에는 엄청나게{n}높은 시계탑이 세워져 있어.{n}초대 {6:4}가{n}만든 거라고 하던데.{2}{7}내 생각엔 초대 {6:4}는{n}하늘에 오르려고 했던 거야 응	{6:52}성에는 엄청나게{n}높은 시계탑이 있어.{n}초대{6:4}가{n}만든 거라던데.{2}{7}내 생각엔 초대{6:4}는{n}하늘로 오르려 한 게 아닐까, 응
507:0915	508:1104	서쪽의 {6:53}성은 옛날{n}거대한 몬스터 {6:19}를 가둬 놓았던{n}독방이었다고 해. 그래서 지금도{n}그 미라가 있다는 모양이야{2}{7}게다가 그 거대 몬스터 {6:19}가{n}밤마다 돌아다니며 {6:19}를 먹는다는{n}소문도 있어{n}…아, 나 무서워서 오줌 쌀 것 같아	서쪽{6:53}성은 옛날에{n}거대한 몬스터{6:19}를 가둬 두던{n}독방이었대. 그래서 지금도{n}그 미라가 있다더라{2}{7}게다가 그 거대 몬스터{6:19}가{n}밤마다 걸어 다니며{6:19}를 먹는다는{n}소문도 있어{n}…이제 나는 무서워서 오줌 쌀 것 같아
507:0917	508:1106	그렇군 너도 감옥 침입죄로 잡히면{n}카본형에 처해질지도 몰라 조심해	그래, 너도 감옥 침입죄로 잡히면{n}카본형에 처해질지도 모르니 조심해
507:0918	508:1107	불사신 타입 몬스터를{n}특수한 카본액으로 딱딱하게{n}굳혀버리는 곳이야{2}{7}놈들은 그 모습 그대로{n}밀랍인형처럼 {6:52}성 안에{n}전시되어 있다고 해…{n}상상만 해도 소름이 돋아	불사신 타입 몬스터를{n}특수한 카본 액으로 꽁꽁{n}굳혀 버리는 곳이야{2}{7}놈들은 그 모습 그대로{n}밀랍 인형처럼{6:52}성 안에{n}장식되어 있다더라……{n}상상만 해도 소름이 돋아
507:0919	508:1115	↖ {6:53}성  {6:52}성 ↗{n}  {6:51}성 ↘	↖{6:53}성 {6:52}성↗{n} {6:51}성↘
517:0481	508:1115	↖ {6:53}성  {6:52}성 ↗{n}  {6:51}성 ↘	↖{6:53}성 {6:52}성↗{n} {6:51}성↘
507:0944	508:1126	그림이 있다.{n}액자에 뭔가 적혀 있다.{n}「하늘을 보라 명쾌한 태양이여{n} 빛나는 광대한 바다	그림이 있다.{n}액자에 뭔가 적혀 있다.{n}「하늘을 보라 명쾌한 태양이여{n} 빛나는 광활한 바다
507:0945	508:1127	그림이 있다.{n}액자에 뭔가 적혀 있다.{n}「무가 되어 이름을 버리면{n} 들판에 길이 열린다	그림이 있다.{n}액자에 뭔가 적혀 있다.{n}「무가 되어 이름을 버리면{n} 들판에 길이 열리리라
507:0972	508:1140	라비안 문자와 라진 문자가 적혀 있다.{n}라진 문자는 이렇게 읽힌다.{n}「골드바에 빛을	라비안 문자와 라진 문자가 적혀 있다.{n}라진 문자는 이렇게 읽을 수 있다.{n}「골도바에 빛을
517:0487	508:1140	라비안 문자와 라진 문자가 쓰여 있다.{n}라진 문자는 이렇게 읽힌다.{n}「골드바에 빛을	라비안 문자와 라진 문자가 적혀 있다.{n}라진 문자는 이렇게 읽을 수 있다.{n}「골도바에 빛을
507:0973	508:1157	대체 무슨 일이 일어나고 있는 거야…{n}{6:2}, 가능한 한 데이터를 모아라!{n}살아있는 자를 찾아라!{n}미리 말해두지만 {6:3} 말고 말이야!	대체 무슨 일이 일어나고 있는 거야…{n}{6:2}, 가능한 한 데이터를 모아!{n}살아있는 사람을 찾아!{n}말해 두지만 {6:3} 말고 말이야!
509:0408	508:1157	대체 무슨 일이 벌어지고 있는 거야…{n}{6:2}, 가능한 한 데이터를 모아라！{n}살아 있는 자를 찾아라！{n}말해 두지만 {6:3} 말고 다른 사람이다！	대체 무슨 일이 일어나고 있는 거야…{n}{6:2}, 가능한 한 데이터를 모아!{n}살아있는 사람을 찾아!{n}말해 두지만 {6:3} 말고 말이야!
507:0974	508:1158	선장실에는 한 번 갑판으로 나가지 않으면{n}갈 수 없어! 계단이 막혀 있어도{n}돌아가서라도 위를 목표로 해라!	선장실엔 일단 갑판으로 나가지 않으면{n}갈 수 없어! 계단이 막혀 있어도{n}멀리 돌아서라도 위를 향해!
509:0409	508:1158	선장실에는 한 번 갑판으로 나가지 않으면{n}갈 수 없다！ 계단이 막혀 있더라도{n}멀리 돌아가서라도 위를 목표로 해라！	선장실엔 일단 갑판으로 나가지 않으면{n}갈 수 없어! 계단이 막혀 있어도{n}멀리 돌아서라도 위를 향해!
507:0975	508:1159	헌터 중 살아남은 건 너 혼자인가…	헌터 생존자는 너 하나뿐인가…
507:0976	508:1160	{6:11}는…{n}살아남지 못하겠지…	{6:11}는…{n}못 살아남겠지…
509:0411	508:1160	{6:11}는…{n}살아남기 힘들겠지…	{6:11}는…{n}못 살아남겠지…
507:0977	508:1161	선장실 문은 잠겨 있다!{n}여분의 열쇠를 찾아라!	선장실 문은 잠겨 있어!{n}예비 열쇠를 찾아!
509:0412	508:1161	선장실 문은 잠겨 있다！{n}예비 열쇠를 찾아라！	선장실 문은 잠겨 있어!{n}예비 열쇠를 찾아!
507:0978	508:1162	선장의 열쇠를 쓰면{n}선장실에 들어갈 수 있다!	선장의 열쇠를 쓰면{n}선장실에 들어갈 수 있어!
509:0413	508:1162	선장의 열쇠를 쓰면{n}선장실에 들어갈 수 있다！	선장의 열쇠를 쓰면{n}선장실에 들어갈 수 있어!
509:0415	507:0981	이러고 있는 사이에도 {6:3}가{n}무슨 짓을 저지르고 있을지도 몰라{n}위험도는 시간이 지날수록 가속도로{n}올라간다！ 서두르자, {6:2}！	이러고 있는 동안에도 {6:3}가{n}무슨 짓을 저지르고 있을지도 몰라{n}위험도는 시간이 지날수록 가속도로{n}올라간다! 서두르자 {6:2}!
507:0982	508:1166	즐거워 보이는군 {6:2}{n}빨리 맨정신으로 돌아와줘{n}부탁한다…	즐거워 보이는군 {6:2}{n}빨리 정신 좀 차려줘{n}부탁한다…
509:0416	508:1166	즐거워 보이는구나, {6:2}{n}빨리 정신 좀 차려 줘{n}부탁할게…	즐거워 보이는군 {6:2}{n}빨리 정신 좀 차려줘{n}부탁한다…
509:0417	507:0983	이 마을 안의 누군가가{n}{6:3}일지도 몰라…{n}데이터를 모으고 싶으니 좀 돌아다녀 줘	이 마을 안의 누군가가{n}{6:3}일지도 몰라…{n}데이터를 모으고 싶다 좀 돌아다녀줘
507:0991	508:1173	이런 데서 미라 동료가 되는 건{n}사양이야 {6:2}{n}아무튼 안쪽으로 가자{n}입구가 있으니 출구도 있을 거야	이런 데서 미라가 되는 건{n}사양이야 {6:2}{n}일단 안쪽으로 가자{n}입구가 있으니 출구도 있을 거야
507:0999	508:1178	공중에서 방향키를 넣으면{n}방향을 바꿀 수 있다{n}처음엔 어려울지도 모르지만{n}연습해서 손해볼 건 없다	공중에서 방향키를 넣으면{n}방향을 바꿀 수 있어{n}처음엔 어려울지도 모르지만{n}연습해서 손해 볼 건 없어
509:0421	508:1178	공중에서 방향키를 입력하면{n}방향을 바꿀 수 있다{n}처음엔 어려울지도 모르지만{n}연습해서 손해 볼 건 없다	공중에서 방향키를 넣으면{n}방향을 바꿀 수 있어{n}처음엔 어려울지도 모르지만{n}연습해서 손해 볼 건 없어
509:0130	508:0130	누, 누구 없어요! 비, {6:3}가{n}{6:3}가 왔어!{n}히이익 살려줘!	누, 누구 없어ー! 비, {6:3}이{n}{6:3}이 왔다ー!{n}히이이ー 살려줘ー!
509:0168	508:0202	참, 그래… {6:2}·야라고 했나{n}실은 말이야, 오늘은 내 생일이라서{n}온 마을에서 축제 소동을 벌이며{n}축하해 주고 있는 거라네{2}{7}뭐, 즐기다 가게나	그래그래… {6:2}・야라고 했던가{n}실은 말이야, 오늘은 내 생일이라서{n}온 마을이 축제 소동을 벌이며{n}축하해 주고 있다네{2}{7}뭐… 즐기다 가게나
509:0180	508:0214	뭐, 뭐였지, 방금 그건…{n}아, 아무튼 {6:43}가 무사해서 다행이야…{n}…응? …류, {6:2}!{2}{7}어, 어떻게 된 거야, 그 얼굴의 상처는?{18}	뭐, 뭐였지 방금 그건…{n}어, 어쨌든 {6:43}가 무사해서 다행이야…{n}…응? …류, {6:2}!{2}{7}어, 어떻게 된 거야 그 얼굴 상처는?{18}
509:0188	508:0222	헤헤헤{n}{6:29}님의 부탁이야{n}열심히 해 보라고	헤헤헤…{n}{6:29}님의 부탁이다{n}힘껏 애써 보라고
509:0194	508:0228	{6:2}! 그만둬, 술은…{n}그보다 신경 쓰이는 얘기를 했었지{n}킬밸리 지대에 여자가 숨어들었다던가…	{6:2}! 관둬, 술은…{n}그보다 신경 쓰이는 말을 했는데{n}킬밸리 지대에 여자가 숨어들었다느니…
509:0196	508:0230	아니… 아무래도 오늘이{n}{6:29}의 생일이라고 해서	아니…뭐니 뭐니 해도 오늘은{n}{6:29}의 생신이시라서
509:0198	508:0232	무슨 일 있으셨어요?	무슨 일 있었나요?
508:0233	509:0199	아니, 실은, 부끄러운 이야기지만{n}이 섬의 {6:19}들 일부가{n}테러 계획을 진행하고 있는 모양이라서	아니, 실은 부끄러운 얘기지만{n}이 섬의 {6:19} 중 일부가 말이야,{n}테러 계획을 진행하고 있는 모양이야
509:0224	508:0254	쿠쿠쿠쿠…{n}{6:29}도 참 짓궂으시네요	쿠쿠쿠쿠…{n}{6:29}도 참 못됐으시네요
517:0352	508:0313	……엉덩이가 예술이군	…엉덩이 끝내주는군
517:0353	508:0314	정말이네……	정말이네…
517:0354	508:0315	그 몸놀림……{n}여자 닌자야……	그 몸놀림…{n}여자 닌자다…
517:0355	508:0316	큭…… 동업자인가……	큭…동업자인가…
517:0356	508:0317	뭔가 불안해…… 서두르자	왠지 불안한데…서두르자
517:0364	508:0323	좋아……{n}그럼 {6:30}님 계신 곳으로 돌아가자!	좋아…{n}그럼 {6:30}님께 돌아가자!
517:0365	508:0324	으아아ー!!{19:7}	으아아악!!{19:7}
517:0178	508:0681	…간다	…가자
509:0407	508:0828	비라니움 채굴장에 갈 거면{n}여기서 트롤리를 타고 가라。{2}{7}타는 방법은 간단하다。 사다리를 올라가{n}구멍에 뛰어들기만 하면 자동으로 타진다。{n}트롤리 조작은 B버튼으로 점프。{n}그게 다다{2}{7}무사히 채굴장에 도착할 때까지{n}트롤리에서 내릴 수 없다。{n}이상 트롤리 설명 끝。{2}{7}나는 앞으로 몇 명한테 이 설명을 하면{n}세상 밖으로 나갈 수 있으려나…	비라니움 채굴장에 갈 거라면{n}여기서부터 트롤리를 타고 가라。{2}{7}타는 법은 간단하다。 사다리를 올라가{n}구멍에 뛰어들기만 하면 자동으로 타진다。{n}트롤리 조작은 B버튼으로 점프。{n}그뿐이다{2}{7}무사히 채굴장에 도착할 때까지{n}트롤리에서 내릴 수 없다。{n}이상 트롤리 설명 끝。{2}{7}나는 앞으로 몇 명한테 이 설명을{n}하면 사회로 나갈 수 있으려나…
517:0455	508:0992	오, 꼬마야, 왜 그래?{n}이런 데서 혼자, 길을 잃은 거야?	오, 뭐냐 꼬마야 무슨 일이야?{n}이런 데서 혼자, 길을 잃은 거냐?
517:0456	508:0993	어, 어이, {6:2}💧	어, 어이{6:2}💧
517:0457	508:0994	울지 마{n}내가 엄마 있는 데로 데려다줄게	울지 마라{n}내가 엄마한테 데려다줄게
517:0458	508:0995	내 얘기 좀 들어! {6:2} 이봐!	내 말 좀 들어! {6:2}라니까!
517:0459	508:0996	왜 그래, 시끄럽게	뭐야 시끄럽게
517:0460	508:0997	이 녀석, 생체광이 안 나와	저 녀석, 생체광이 안 나오잖아
517:0461	508:0998	……엣?💧	…엣?💧
517:0462	508:0999	아저씨……{n}정말로 엄마한테 데려다줄 거야?{n}왜냐면 엄마 죽었단 말이야?{n}같이 가 줄 거야?{2}{7}나도 죽었어?{n}이 뼈는…… 누구 거라고 생각해?	아저씨……{n}정말로 엄마한테 데려다줄 거야?{n}근데, 엄마 죽었는데?{n}그래도 같이 가 줄 거야?{2}{7}나도 죽었는데?{n}이 뼈는…… 누구 거라고 생각해?
509:0345	508:1000	지지직……	자…………
509:0346	508:1001	응답이 없습니다.{n}통신 상태가 안 좋은 것 같습니다.	반응이 없습니다.{n}통신 상태가 나쁜 것 같습니다.
509:0364	508:1025	난 분명히 봤어.{n}여자였어. 그것도 엄청난 미인이었지.{n}아까 한 여자가 신기한 도구를 써서{n}저기 문을 열고 들어갔다고.{2}{7}그 여자한테서는 좋은 향기가 났어{n}으음, 그건 라비안 왕국에서만 피는{n}블루로즈야. 블루로즈 향이 나는{n}환상의 여자인가…	나는 분명히 봤다고.{n}여자야. 게다가 엄청 미인이었어.{n}아까 여자 한 명이 이상한 도구를 써서{n}저기 문을 열고 들어갔어.{2}{7}그 여자, 좋은 향기가 났어{n}으음, 그건 라비안국에서밖에 안 피는{n}블루로즈야. 블루로즈 향기가 나는{n}환상의 여자인가……
509:0370	508:1032	킬밸리? 정문 옆에 있는{n}사다리를 내려가서 비상구 너머다{n}…너 취했냐?{n}그런 위험한 곳엔 무슨 볼일이야?	킬밸리? 정문 옆{n}사다리를 내려가서 비상구 너머야{n}…너 취했냐?{n}그런 위험한 곳에 무슨 볼일이야?
509:0403	508:1083	광산에서 빡세게 일해서{n}근육을 빵빵하게 키워서…{n}언젠가 {6:29}를 비롯한 간수 놈들 전부 두들겨 패고{n}자유의 몸이 되어 주겠어	광산에서 빡세게 일해서{n}근육을 빵빵하게 키워서……{n}언젠가{6:29} 이하 간수 전원을 때려눕히고{n}자유의 몸이 될 거야
509:0404	508:1084	여긴 비밀 지하 광산이야。{n}비라뭐시기라는 돌이 나온다는데{n}엄청 위험한 물건인가 봐… 작업 후에는{n}손을 꼭 씻으라고 하더라고{2}{7}우리 {6:19}는 광석 캐는 데{n}혹사당하고 있어 그 덕에 밥이{n}맛있지, 맛있어…{n}…아니, 좋아해선 안 되는 거겠지	여기는 비밀 지하 광산.{n}비라뭐시기라는 돌이 나온다더라고{n}엄청 위험한 물건인 것 같아…… 작업 후에는{n}손을 잘 씻으라고 하더라고{2}{7}우리{6:19}는 광석 캐는 데{n}혹사당하고 있어, 덕분에 밥이{n}맛있는 거, 맛있는 거……{n}…아니, 좋아하면 안 되는 거지
508:1142	517:0488	「{6:51}성의 전설{n}초대 {6:4}는 이곳 {6:51}성에서{n}부유한 상인의 네 딸을 태양 달 별{n}그리고 뇌신에게 제물로 바쳤다{2}「하지만 사실은 달랐다	「{6:51}성의 전설{n}초대 {6:4}은 이곳 {6:51}성에서{n}부유한 상인의 네 딸을 태양, 달, 별,{n}그리고 뇌신에게 산 제물로 바쳤다{2}「하지만 사실은 달랐다
517:0489	508:1143	「{6:51}성의 전설{n}상인의 네 딸은 초대 {6:4}의{n}유혹을 완강히 거부했다. 산 제물은{n}복수를 위한 구실이었다{2}「사랑하는 딸들을 한순간에 빼앗긴{n}상인은 광기에 사로잡혔다	「{6:51}성의 전설{n}상인의 네 딸은 초대 {6:4}의{n}유혹을 완강히 거부했다. 제물이란{n}복수의 구실이었다{2}「사랑하는 딸들을 한순간에 빼앗기고{n}상인은 광기에 사로잡혔다
517:0490	508:1144	「{6:51}성의 전설{n}분노에 미쳐 버린 상인은 이 {6:51}성을{n}죽음에 이르는 함정으로 가득 채웠다{2}「그리고 초대 {6:4}의 악행을{n}후세에 전하려고 했는지, 죽어 가는{n}네 딸의 모습을 거대한 그림으로 남겼다	「{6:51}성의 전설{n}분노에 미친 상인은 이 {6:51}성을{n}죽음에 이르는 함정으로 가득 채웠다{2}「그리고 초대 {6:4}의 비도함을{n}후세에 전하려 했는지, 죽어가는{n}네 딸의 모습을 거대한 그림으로 남겼다
517:0491	508:1145	「{6:51}성의 전설{n}상인은 네 딸의 그림 속에{n}{6:51}성의 닫힌 안쪽으로 나아가기 위한{n}열쇠가 될 것을 그려 넣었다{2}「그것은 딸들이 저마다 좋아했던{n}생물이었다. 딸들이 하늘의 세계에서도{n}외롭지 않도록……	「{6:51}성의 전설{n}상인은 네 딸의 그림 속에{n}{6:51}성의 닫힌 안쪽으로 나아가기 위한{n}열쇠가 될 것을 그려 넣었다{2}「그것은 딸들이 저마다 좋아했던{n}생물이었다. 딸들이 하늘의 세계에서도{n}외롭지 않도록…
517:0492	508:1146	라비안 문자와 라진 문자가 쓰여 있다.{n}라진 문자는 이렇게 읽힌다.{n}「카파르에 물을	라비안 문자와 라진 문자가 적혀 있다.{n}라진 문자는 이렇게 읽을 수 있다.{n}「캇파루에 물을
517:0495	508:1150	글쎄다. 소문이니까	글쎄다. 소문이니까 말이야
517:0502	508:1155	라비안 문자와 라진 문자가 쓰여 있다.{n}라진 문자는 이렇게 읽힌다.{n}「실바스에 불꽃을	라비안 문자와 라진 문자가 적혀 있다.{n}라진 문자는 이렇게 읽을 수 있다.{n}「실바스에 불꽃을
509:0299	517:0185	오랜만이군, {6:4}	오랜만이구나, {6:4}
509:0301	517:0187	죽어라아!!	뒈져라！！
509:0302	517:0188	데, {6:56}니임ー{n}저, 접니다, {6:39}예요	데, {6:56} 님ーー{n}저, 저예요, {6:39}예요
509:0305	517:0191	으… 으으으…	으… 으 으…
509:0307	517:0193	으와아, 크, 큰일이{n}벌어지고 말았어…{n}데, {6:56}님, 기다려 주세요{n}어? 뭐야, 넌?	우와아, 크, 큰일이{n}나 버렸어…{n}데, {6:56} 님, 기다려 주세요{n}어라, 뭐야, 너는？
509:0308	517:0194	젠장! 다 망쳐 버렸어!{n}이제 날 방해하는 놈은 전부 죽인다!	젠장！ 전부 다 망쳐 버렸어！{n}이제 날 방해하는 놈은 전부 죽여 버릴 거야！
509:0310	517:0195	으엇? 이건!?	으악？ 이건！？
